word,count
like,632
love,611
know,541
time,433
one,416
lyrics,384
get,359
want,337
never,308
see,301
go,289
way,288
got,284
song,280
take,276
back,273
oh,269
think,264
say,260
life,251
make,233
let,233
heart,223
would,219
could,218
good,206
day,199
come,195
well,190
little,188
tell,188
need,187
said,185
sing,183
feel,179
man,176
still,174
girl,173
world,168
something,166
&,163
things,161
right,161
night,160
words,157
away,153
gonna,153
long,149
home,145
yeah,143
ever,141
find,140
much,140
g,135
wanna,135
c,132
give,129
nothing,128
mind,128
every,127
cause,127
baby,125
around,124
us,119
better,117
look,116
always,114
people,113
keep,111
eyes,109
live,109
even,107
really,105
made,103
kind,102
hear,98
chorus,98
f,97
new,96
seems,93
bit,93
gone,92
left,92
thought,92
best,92
hard,91
put,91
friends,91
try,89
leave,89
side,87
thing,85
another,85
end,84
last,83
please,83
em,81
everything,81
hand,80
times,79
first,79
might,78
ya,78
enough,77
two,76
days,76
start,76
free,74
cos,74
till,73
care,73
light,72
road,72
la,72
mean,70
wish,69
old,69
done,68
came,68
head,68
maybe,68
big,68
music,68
face,67
wrong,67
without,67
going,66
inside,65
http,65
www,65
believe,64
sleep,64
verse,64
alone,64
mine,64
used,64
someone,63
wait,62
years,62
tonight,62
die,62
stay,62
lost,62
fall,62
stop,62
floor,62
sun,61
fly,61
trying,61
dark,60
cold,59
death,59
break,59
turn,58
name,58
e,58
show,58
top,58
hope,57
true,57
morning,57
hold,56
watch,56
getting,56
use,56
sometimes,56
may,56
black,56
friend,56
ed,56
truth,55
past,55
heard,55
place,55
goodbye,55
yet,54
god,54
makes,54
dead,54
wanted,54
eye,54
feeling,54
street,53
part,53
help,53
gotta,53
sheeran,53
remember,52
took,52
gave,52
yes,52
b,52
easy,52
loved,51
dream,51
read,51
looking,51
comes,51
though,51
found,50
run,50
city,50
living,50
call,49
beautiful,49
went,49
far,49
round,49
bring,48
pain,48
com,48
since,47
cry,47
told,47
happy,47
cut,47
ga,47
johnson,47
work,46
walk,46
lot,46
everyone,45
forget,45
door,45
broken,45
waiting,44
drink,44
felt,43
bad,43
play,43
lie,42
sorry,42
sky,41
miss,41
seen,41
alive,41
moment,41
dreams,41
close,41
soon,40
else,40
deep,40
upon,40
blue,40
knows,40
week,40
sure,40
kiss,40
less,40
young,40
nice,40
change,39
money,39
tried,39
sea,39
tears,39
late,39
knew,39
feet,39
talk,39
sitting,39
fight,38
songs,38
next,38
saw,38
become,38
hands,38
smile,38
move,38
fine,38
body,38
ask,38
soul,38
coming,37
corrections,37
submit,37
hey,37
anything,37
understand,37
must,37
mouth,37
u,37
hurt,36
mother,36
great,36
rain,36
saying,36
high,35
scared,35
rock,35
stand,35
meaning,35
woman,35
beat,35
lives,35
air,34
hair,34
today,34
anymore,34
house,34
line,34
family,34
bed,34
lord,34
angels,34
country,34
earth,33
sound,33
kill,33
boy,33
ideas,33
real,33
hate,33
son,33
hell,33
child,33
father,33
moon,32
thinking,32
age,32
sweet,32
open,32
fire,31
drunk,31
listen,31
breath,31
along,31
heaven,31
touch,31
crazy,31
lose,31
wife,31
needs,31
ummmmm,31
burning,30
town,30
whole,30
different,30
goes,30
together,30
blood,30
luck,30
ready,30
guess,30
water,29
word,29
trust,29
falling,29
pretty,29
chance,29
playing,29
turned,28
lights,28
wonder,28
stars,28
dance,28
everybody,28
year,28
shit,28
making,28
seem,28
missing,28
land,28
reviewer,28
laugh,28
stuck,28
cannot,28
lies,28
room,27
set,27
three,27
pick,27
standing,27
send,27
law,27
meet,27
met,27
memory,27
speak,27
magic,27
ha,27
red,26
half,26
perfect,26
sad,26
called,26
ground,26
outside,26
born,26
fast,26
matter,26
feels,26
sit,26
alright,26
looked,26
yea,26
obey,26
scary,26
jesus,25
total,25
story,25
page,25
game,25
lonely,25
broke,25
fun,25
learn,25
pay,25
dm,25
tv,25
revolution,25
across,24
takes,24
forever,24
lay,24
views,24
behind,24
point,24
bottom,24
pressure,24
suffa,24
fell,23
clouds,23
breathe,23
stood,23
moving,23
men,23
job,23
rate,23
popular,23
comment,23
reason,23
c#m,23
means,23
wind,23
dreamer,23
hundred,22
taste,22
x,22
fool,22
taking,22
tight,22
enlarge,22
viewing,22
singing,22
fear,22
general,22
many,22
n,22
doubt,22
working,22
amazing,22
doors,22
rest,22
speaking,22
shall,22
hearts,22
leaving,22
future,22
running,22
died,22
brought,21
sex,21
kept,21
write,21
piece,21
ok,21
empty,21
anyone,21
person,21
written,21
turning,21
faith,21
slow,21
sick,21
white,21
held,21
goin,21
beer,21
finished,21
tune,20
wake,20
youth,20
children,20
strong,20
kids,20
save,20
already,20
boys,20
choice,20
train,20
elyrics,20
net,20
quite,20
walls,20
says,20
band,20
second,20
known,20
hide,20
peace,20
til,20
im,20
loving,20
control,20
blow,20
burn,20
asleep,19
arms,19
nobody,19
small,19
lips,19
full,19
car,19
safe,19
grow,19
clear,19
streets,19
names,19
agree,19
guy,19
food,19
hit,19
shame,19
cross,19
memories,19
tired,19
others,19
rise,19
low,19
weeks,19
stranger,19
ball,19
thousand,18
straight,18
nights,18
shoulder,18
eat,18
school,18
trees,18
keeping,18
voice,18
somebody,18
lyricsmode,18
ones,18
asking,18
ah,18
london,18
john,18
reality,18
promise,18
hot,18
feelings,18
four,18
looks,18
michael,18
praises,18
strength,18
tongues,17
summer,17
beside,17
bright,17
scream,17
fake,17
sense,17
skin,17
news,17
serious,17
st,17
needed,17
least,17
underneath,17
somewhere,17
tomorrow,17
leads,17
key,17
ooh,17
supposed,17
begin,17
gets,17
blind,17
honey,17
shadow,17
cash,17
slowly,17
angel,17
pass,17
weak,17
started,17
letters,17
golden,17
penny,17
spit,17
hang,16
bones,16
clothes,16
joy,16
spend,16
pictures,16
books,16
catch,16
tree,16
course,16
strange,16
track,16
phone,16
hello,16
walking,16
worst,16
stone,16
failed,16
ways,16
wrote,16
class,16
hurts,16
sofa,16
loose,16
bird,16
party,16
radio,16
fuck,16
passed,16
history,16
afford,16
bout,16
king,16
million,15
almost,15
dear,15
near,15
changed,15
clock,15
blame,15
turns,15
closer,15
moved,15
win,15
share,15
step,15
brother,15
freedom,15
lyricsfreak,15
smell,15
click,15
cool,15
buy,15
follow,15
nature,15
crown,15
middle,15
kissed,15
loves,15
lying,15
silence,15
book,15
movie,15
resolute,15
lets,15
whether,15
bridge,14
return,14
front,14
wasted,14
type,14
minute,14
wave,14
fair,14
worry,14
album,14
crowd,14
dirt,14
grass,14
calling,14
beneath,14
sleeps,14
poor,14
darkest,14
places,14
darling,14
drive,14
self,14
picture,14
build,14
r,14
church,14
cat,14
bob,14
pride,14
lookin,14
wall,14
spot,14
smiling,14
paper,14
knees,14
calls,14
ago,14
joke,14
given,14
nowhere,14
deity,14
problem,14
quiet,13
holding,13
hours,13
funny,13
talking,13
happen,13
cd,13
copyright,13
search,13
birds,13
writing,13
hoping,13
river,13
eight,13
following,13
strings,13
roll,13
fact,13
prove,13
stuff,13
fade,13
scene,13
five,13
dies,13
filled,13
wear,13
wants,13
pleasure,13
none,13
walked,13
worth,13
watched,13
gives,13
misery,13
lover,13
praying,13
taken,13
mad,13
bus,13
chest,13
loud,13
pretend,13
stage,13
glass,13
trouble,13
dancing,13
telling,13
laughter,13
hip,13
mic,13
learned,13
losing,13
grown,13
war,13
date,13
exactly,13
early,13
foot,13
asked,13
ugly,13
shoot,13
price,13
wrecking,13
swallowed,13
warm,12
ten,12
bars,12
secret,12
happened,12
owners,12
power,12
certain,12
spent,12
throw,12
giving,12
gold,12
sight,12
dreaming,12
orleans,12
dress,12
ride,12
ice,12
clean,12
knowing,12
couple,12
anonymous,12
situation,12
ran,12
evening,12
however,12
smoke,12
tea,12
months,12
shop,12
knock,12
tide,12
hidden,12
brain,12
pink,12
tables,12
instead,12
praise,12
breakin,12
reach,12
suicide,12
wings,12
worried,12
state,12
televised,12
barber,12
fag,12
dry,11
watching,11
keeps,11
regret,11
played,11
bar,11
swear,11
yesterday,11
storm,11
record,11
breaking,11
property,11
stops,11
seat,11
ill,11
fill,11
finding,11
finally,11
edge,11
sounds,11
shoes,11
shows,11
shake,11
tom,11
longer,11
hole,11
average,11
pray,11
burns,11
stupid,11
within,11
falls,11
business,11
rather,11
shine,11
wide,11
corner,11
team,11
sell,11
games,11
lungs,11
harder,11
whenever,11
test,11
glad,11
flag,11
jokes,11
dust,11
waste,11
bags,11
thinks,11
taxi,11
sold,11
thin,11
meant,11
lyric,11
whoa,11
pop,11
fucked,11
bet,11
council,11
carry,11
kissing,11
hungry,10
leaves,10
plays,10
dirty,10
thanks,10
escape,10
heartache,10
kid,10
educational,10
intro,10
single,10
rockin,10
everywhere,10
also,10
seeing,10
club,10
rhyme,10
jane,10
letter,10
number,10
softly,10
arm,10
crime,10
george,10
sang,10
stories,10
rules,10
weight,10
explain,10
apart,10
tear,10
grey,10
conscience,10
whose,10
grace,10
colour,10
ghost,10
video,10
pipe,10
grade,10
backseat,10
blazing,10
ears,10
jack,10
truly,10
growing,10
lust,10
lines,10
dad,10
reminds,10
culture,10
flown,10
crying,10
typical,10
tip,10
thank,10
moments,10
mr,10
cuz,10
holy,10
view,10
idea,10
teacher,10
fat,10
milk,10
modern,10
america,10
fathers,10
ticket,10
case,10
travel,10
caught,10
star,10
member,10
claim,10
bear,10
sides,10
drum,10
good;,10
cake,10
press,10
believing,10
print,10
american,10
fallin,10
tarzan,10
lighthouse,10
dawn,9
stayed,9
afraid,9
actually,9
short,9
doctor,9
woke,9
sober,9
pull,9
burned,9
endless,9
color,9
visit,9
ended,9
tab,9
closed,9
secrets,9
proud,9
ought,9
hanging,9
lovely,9
boyfriend,9
decided,9
devil,9
awesome,9
beauty,9
plans,9
drawer,9
worse,9
seven,9
hall,9
waits,9
bottle,9
stronger,9
yo,9
numb,9
dogs,9
lady,9
act,9
whatever,9
kick,9
sexual,9
cried,9
snow,9
forsake,9
nervous,9
able,9
thats,9
glenlea,9
rage,9
company,9
perhaps,9
coin,9
sleeping,9
thoughts,9
wasting,9
flies,9
pillow,9
finger,9
cup,9
tightly,9
starts,9
sleeve,9
slept,9
local,9
wearing,9
hated,9
wash,9
beyond,9
pale,9
stepping,9
answer,9
fit,9
fans,9
twice,9
praised,9
sweat,9
miley,9
charlie,9
th,9
vinni,9
plastic,9
panadol,9
beast,9
seize,9
monster,9
bother,9
todd,9
space,9
knowledge,9
crafty,9
note,8
hung,8
flame,8
spark,8
soft,8
awake,8
except,8
surprise,8
drugs,8
shout,8
pulled,8
stopped,8
fears,8
knife,8
ends,8
path,8
lead,8
wine,8
singer,8
l,8
rooms,8
table,8
language,8
support,8
halfway,8
rings,8
stolen,8
mess,8
belong,8
tongue,8
p,8
bloke,8
anchor,8
fancy,8
sunday,8
bound,8
lots,8
six,8
check,8
fukk,8
swallow,8
rating,8
enemy,8
rough,8
animals,8
caring,8
fingers,8
anyway,8
cares,8
lovin,8
blinded,8
bone,8
ahead,8
glory,8
shook,8
ship,8
neighbours,8
skies,8
bedroom,8
ex,8
letting,8
wishing,8
heal,8
cheek,8
bump,8
thumb,8
thrown,8
lace,8
sort,8
holds,8
fucking,8
talked,8
eating,8
flow,8
reply,8
ignore,8
alonestar,8
block,8
rising,8
ear,8
west,8
sadness,8
pub,8
crawl,8
bust,8
effort,8
guitar,8
teen,8
thunder,8
favorite,8
learning,8
drinking,8
shoe,8
lasts,8
pets,8
spirit,8
killed,8
fences,8
daughter,8
figure,8
park,8
cant,8
blessed,8
curse,8
art,8
vultures,8
staying,8
bred,8
scars,8
crap,8
grave,8
choose,8
avant,8
wore,8
sweeney,8
diary,8
violence,8
*,8
force,8
cries,8
weeny,8
wherever,8
hometown,8
cities,8
square,7
join,7
rich,7
sigh,7
anywhere,7
comfort,7
ashes,7
disguise,7
kinda,7
plan,7
beginning,7
easily,7
human,7
wild,7
sin,7
tiny,7
rush,7
provided,7
motion,7
chords,7
kicking,7
spread,7
covered,7
beating,7
hiding,7
fighting,7
meets,7
stumble,7
map,7
coast,7
quietly,7
somehow,7
romance,7
older,7
flat,7
girls,7
although,7
create,7
steel,7
ou,7
parts,7
remind,7
began,7
vocals,7
nasty,7
holla,7
camera,7
shelf,7
chair,7
mood,7
monkey,7
problems,7
role,7
votes,7
mercy,7
treasure,7
guide,7
listening,7
orange,7
among,7
hi,7
disappeared,7
sail,7
flowers,7
lately,7
sinking,7
replace,7
blink,7
everyday,7
strumming,7
mirror,7
beats,7
bleed,7
traveller,7
basic,7
drowning,7
sake,7
paid,7
double,7
cheeks,7
searching,7
staring,7
darkness,7
purpose,7
fuss,7
wow,7
cheer,7
stomach,7
bitter,7
hop,7
shore,7
billy,7
mark,7
speech,7
locked,7
ring,7
hardly,7
wonderful,7
desert,7
question,7
doom,7
tells,7
shut,7
reasons,7
genius,7
hug,7
clever,7
recently,7
promised,7
loretta,7
dressed,7
jayjay,7
tryin,7
enemies,7
friday,7
shot,7
provide,7
anti,7
wanting,7
damage,7
intend,7
sign,7
dig,7
tyler,7
durden,7
county,7
scratch,7
mon,7
faces,7
doubts,7
bunkers,7
hunters,7
na,7
aware,7
expect,7
household,7
swim,7
greatest,7
pie,7
wise,7
trades,7
factories,7
jackson,7
mj,7
revue,7
riff,7
torn,6
raise,6
homeless,6
sand,6
bodies,6
willing,6
breathing,6
brothers,6
ecstasy,6
spinning,6
tape,6
stick,6
stare,6
purposes,6
pretending,6
completely,6
seemed,6
giant,6
holiday,6
legs,6
rights,6
bb,6
pure,6
barely,6
prize,6
mention,6
imagine,6
tied,6
w,6
highway,6
relationship,6
begging,6
link,6
master,6
target,6
male,6
experiment,6
box,6
card,6
mo,6
nothin,6
wheels,6
liquor,6
drag,6
hill,6
meat,6
college,6
message,6
collection,6
features,6
pool,6
dha,6
studio,6
finish,6
teeth,6
style,6
happiness,6
spoke,6
k,6
indian,6
heavy,6
empire,6
orchestra,6
window,6
admit,6
paul,6
forgot,6
miles,6
gain,6
greater,6
starting,6
estate,6
aerosmith,6
opened,6
size,6
mistakes,6
flesh,6
special,6
smiled,6
choke,6
queen,6
willie,6
driving,6
especially,6
mac,6
touched,6
foreign,6
board,6
grand,6
often,6
earthquake,6
aid,6
mates,6
bye,6
built,6
guilty,6
boat,6
daydream,6
crumbling,6
pastries,6
grams,6
motherland,6
excuse,6
lied,6
pen,6
green,6
winter,6
breaks,6
mend,6
lazy,6
writer,6
smoking,6
guys,6
feed,6
advice,6
couch,6
razor,6
melody,6
safety,6
coffee,6
amy,6
sugar,6
owe,6
passing,6
shy,6
cheese,6
liar,6
disappear,6
bitterness,6
stun,6
outrun,6
flows,6
demons,6
believer,6
became,6
usual,6
urban,6
smiles,6
distance,6
contains,6
spell,6
silent,6
wires,6
lived,6
dog,6
noise,6
doot,6
glitter,6
fed,6
everytime,6
luv,6
form,6
friendship,6
feb,6
tough,6
treat,6
pal,6
sees,6
probably,6
mistake,6
brings,6
#,6
dont,6
dying,6
personal,6
laughing,6
etc,6
ceiling,6
changes,6
film,6
handed,6
worked,6
crush,6
hour,6
easier,6
electricity,6
farthest,6
mothers,6
mum,6
appears,6
christ,6
concerned,6
connection,6
unless,6
sister,6
later,6
cast,6
hat,6
wondering,6
trial,6
steps,6
whiskey,6
offer,6
glow,6
march,6
dare,6
nearly,6
surf,6
vein,6
respect,6
struggle,6
logic,6
van,6
throwing,6
conquered,6
poppa,6
claiming,6
maiming,6
offers,6
aside,6
suit,6
naught,6
damn,6
christmas,6
women,6
rub,6
fresh,6
smart,6
sir,6
useless,6
righteous,6
birmingham,6
lucky,6
journey,6
garden,6
chap,6
useful,6
brick,6
swaying,6
faced,6
medium,6
bachelor,6
taught,6
darwin,6
bell,6
ba,6
funeral,6
chemical,6
sub,6
incurable,6
mouths,5
pages,5
lovers,5
carried,5
ghosts,5
grief,5
relief,5
roof,5
flight,5
wander,5
tender,5
roses,5
effect,5
burst,5
gary,5
sink,5
biggest,5
traffic,5
prayer,5
function,5
packed,5
repeat,5
guitaretab,5
television,5
f#m,5
cared,5
sunshine,5
missed,5
gather,5
paint,5
final,5
information,5
kills,5
frank,5
eternal,5
questions,5
pocket,5
drown,5
asks,5
swore,5
comments,5
humour,5
younger,5
cover,5
theme,5
points,5
birth,5
market,5
tokyo,5
cracks,5
pieces,5
closing,5
version,5
whisper,5
alfred,5
gentle,5
marry,5
nest,5
haunting,5
raised,5
suddenly,5
heads,5
british,5
cloud,5
windows,5
marching,5
walks,5
chuck,5
takin,5
goal,5
dhat,5
kong,5
ass,5
produced,5
records,5
neither,5
begins,5
hardest,5
grows,5
simple,5
dj,5
inspired,5
plain,5
particular,5
natural,5
solo,5
reviewing,5
tho,5
settle,5
honest,5
boss,5
rotten,5
foolish,5
uh,5
cryin,5
fan,5
trip,5
slip,5
common,5
flags,5
cough,5
insane,5
remains,5
landed,5
cape,5
health,5
mountains,5
er,5
consequence,5
picked,5
souls,5
worldwide,5
eighteen,5
sells,5
coke,5
waves,5
ink,5
sheets,5
carve,5
tower,5
brit,5
crack,5
height,5
plus,5
chase,5
videos,5
complete,5
wet,5
fruit,5
frustrated,5
scattered,5
notes,5
sara,5
bastards,5
speaks,5
chains,5
facts,5
bringing,5
base,5
nerve,5
june,5
interested,5
attention,5
army,5
strain,5
quick,5
shaking,5
drop,5
rusty,5
season,5
figured,5
gang,5
invited,5
da,5
absolutely,5
ohhh,5
higher,5
adele,5
cost,5
listened,5
rescue,5
david,5
bull,5
ooo,5
weather,5
groove,5
ray,5
artist,5
faults,5
fifth,5
statement,5
building,5
leak,5
trapped,5
fish,5
brilliant,5
planet,5
mystery,5
fence,5
plenty,5
britney,5
rose,5
awoke,5
planned,5
rolling,5
walkin,5
hero,5
tore,5
softest,5
identity,5
reference,5
religion,5
gift,5
sword,5
flock,5
spite,5
goodnight,5
saviour,5
toronto,5
familiar,5
gun,5
strung,5
lawn,5
sundays,5
someday,5
magazines,5
carefully,5
carrying,5
gods,5
jennifer,5
nikuko,5
peaceful,5
string,5
thirst,5
smith,5
chairman,5
counter,5
vision,5
affect,5
carving,5
sri,5
lanka,5
russia,5
martyr,5
media,5
belief,5
drums,5
rap,5
blown,5
dumb,5
pour,5
balloon,5
winner,5
shooting,5
rare,5
mighty,5
matters,5
henry,5
suppose,5
merry,5
excited,5
workshy,5
wunderkind,5
lack,5
twisted,5
ignorance,5
fate,5
arse,5
gimme,5
solid,5
eggs,5
silk,5
england,5
scum,5
reasonable,5
cock,5
thirty,5
bike,5
mister,5
piss,5
affection,5
spirits,5
french,5
lower,5
ponces,5
streams,5
busy,5
propaganda,5
superior,5
drowned,5
drove,5
gladys,5
highlander,5
amongst,5
disaffected,5
librarian,5
curtains,4
strip,4
perfectly,4
tearing,4
touching,4
fashion,4
quickly,4
spill,4
wrap,4
pulse,4
happiest,4
twenty,4
zero,4
spoken,4
steal,4
washed,4
anybody,4
recall,4
heat,4
naked,4
prayers,4
allan,4
tragic,4
soundtrack,4
screaming,4
fortune,4
brand,4
echoed,4
eventually,4
raining,4
closet,4
pace,4
jones,4
august,4
innocent,4
sittin,4
whispered,4
springs,4
headlights,4
berlin,4
sinatra,4
produce,4
scenes,4
metrolyrics,4
cursed,4
fault,4
selfish,4
patton,4
co,4
character,4
possibly,4
disturbed,4
police,4
talks,4
risk,4
wedding,4
wrongs,4
birthday,4
bite,4
somethin,4
count,4
powderfinger,4
bits,4
unhappy,4
lean,4
onto,4
neighbor,4
yard,4
cucumber,4
pickled,4
cucum,4
several,4
married,4
francis,4
terrific,4
addition,4
magnificent,4
tall,4
nose,4
rice,4
dixie,4
sam,4
moan,4
bitch,4
surrender,4
humble,4
honestly,4
fantasy,4
lonesome,4
talkin,4
opposite,4
pornography,4
political,4
roxette,4
vertical,4
constant,4
whispering,4
ziggy,4
suffer,4
joking,4
trials,4
station,4
perform,4
normal,4
happens,4
seventy,4
grinned,4
starving,4
houses,4
nelson,4
sticks,4
fleetwood,4
unfold,4
jordan,4
bore,4
welcome,4
irish,4
shining,4
apple,4
understanding,4
colours,4
rainbow,4
clearly,4
consider,4
trail,4
folk,4
brandon,4
calm,4
scar,4
sat,4
flames,4
position,4
beach,4
grain,4
eyelids,4
windowsill,4
pavement,4
trips,4
puts,4
voices,4
bled,4
numbers,4
credits,4
bullshit,4
selling,4
blows,4
neck,4
warning,4
dues,4
patience,4
anna,4
clearer,4
driver,4
leg,4
jeans,4
teach,4
melt,4
painful,4
squeeze,4
sunny,4
disagree,4
relieve,4
worries,4
rapping,4
haters,4
realise,4
steady,4
industry,4
yellow,4
simply,4
slap,4
boom,4
flip,4
guts,4
sorrow,4
smaller,4
ups,4
ballad,4
paranoia,4
harsh,4
sanity,4
lift,4
waited,4
babies,4
pack,4
goldfish,4
daze,4
addicted,4
kite,4
mountain,4
wrapped,4
cigarette,4
forgiveness,4
cuts,4
photograph,4
lightning,4
gently,4
performance,4
shape,4
chose,4
chick,4
pm,4
hearing,4
correct,4
incubus,4
aint,4
j,4
wont,4
store,4
plane,4
towards,4
charles,4
file,4
private,4
&gt;he,4
jerk,4
doesnt,4
cyrus,4
pushed,4
rocking,4
abby,4
eric,4
gin,4
disclaimer,4
website,4
images,4
copyrighted,4
respective,4
restricted,4
exist,4
defeat,4
mode,4
brown,4
tarp,4
sprung,4
drippings,4
nirvana,4
discover,4
ties,4
decision,4
dude,4
folks,4
stress,4
dropping,4
telephone,4
shopping,4
gibson,4
filed,4
mom,4
expression,4
surely,4
attempt,4
bag,4
husband,4
rid,4
sudden,4
honesty,4
backwards,4
traveling,4
plumb,4
destiny,4
spending,4
falter,4
spring,4
third,4
firm,4
screen,4
seasons,4
drug,4
jump,4
daylight,4
draw,4
grew,4
breathes,4
oxygen,4
forth,4
phaedra,4
seeking,4
enjoy,4
appreciate,4
dancin,4
jolly,4
homes,4
buried,4
sheet,4
flood,4
meal,4
crooked,4
tuck,4
vacant,4
success,4
action,4
grateful,4
fifty,4
dope,4
accept,4
dangerous,4
dominican,4
congo,4
rwanda,4
score,4
horizon,4
treated,4
impression,4
crowds,4
plate,4
pigs,4
performed,4
courtesy,4
debris,4
regards,4
terrible,4
bro,4
bend,4
killing,4
loaded,4
divorced,4
complain,4
drama,4
evil,4
classified,4
suffering,4
soup,4
crash,4
forgotten,4
option,4
hurting,4
laying,4
energy,4
forgive,4
thumbtack,4
authority,4
commercial,4
blowing,4
bowl,4
glance,4
makin,4
truck,4
laid,4
pit,4
toast,4
billie,4
fought,4
poison,4
hills,4
frost,4
minds,4
feeble,4
rivers,4
stain,4
gate,4
silver,4
guitars,4
guilt,4
dunno,4
tastes,4
horse,4
loaf,4
stray,4
attracted,4
pint,4
dull,4
paraffin,4
sits,4
popularity,4
unto,4
bloody,4
privileged,4
increase,4
heroin,4
experience,4
quid,4
wallet,4
crow,4
routine,4
worn,4
smash,4
row,4
fascist,4
belly,4
headache,4
direction,4
south,4
education,4
background,4
purity,4
coincidence,4
bought,4
laughed,4
cowboys,4
secure,4
daniels,4
telly,4
pin,4
generalizations,4
wanton,4
flash,4
hail,4
creatures,4
romancing,4
prophecies,4
harp,4
eats,4
aha,4
sorrows,4
imagined,4
altar,4
strangest,4
countries,4
babe,4
eeny,4
teeny,4
agony,4
eternity,4
broadway,4
challenging,4
hare,4
rooshian,4
carries,4
oooh,4
shadows,4
traps,4
maps,4
echoes,4
halloween,4
beckons,4
alison,4
swan,3
unborn,3
boats,3
danced,3
contain,3
sunlight,3
scare,3
raging,3
summers,3
sharing,3
shines,3
slipping,3
ache,3
snore,3
soaked,3
impotent,3
throat,3
twelve,3
race,3
cynical,3
pulling,3
claws,3
compare,3
disaster,3
captured,3
spin,3
hurry,3
frying,3
pan,3
drain,3
leap,3
december,3
shelves,3
filling,3
fifteen,3
roles,3
audience,3
unaware,3
stands,3
hats,3
unwind,3
recorded,3
preachers,3
ooooh,3
headlines,3
shops,3
alarm,3
pension,3
loneliness,3
rewarding,3
&lt;,3
graveyard,3
impossible,3
halls,3
ringing,3
movies,3
mixed,3
area,3
review,3
candy,3
stroll,3
girlies,3
musically,3
piano,3
concert,3
touring,3
pedophile,3
image,3
bands,3
youtube,3
opinion,3
metaphorical,3
acts,3
tracks,3
sets,3
patterns,3
stones,3
jean,3
surprised,3
odds,3
stained,3
reminded,3
signed,3
daddy,3
champagne,3
cheap,3
hah,3
hoh,3
deleted,3
footprints,3
iron,3
temptation,3
hooked,3
bloomin,3
foam,3
jim,3
goodness,3
movin,3
sings,3
bitten,3
blackest,3
depths,3
harrison,3
flying,3
stuffed,3
rained,3
stereo,3
saints,3
chin,3
beans,3
deal,3
cards,3
dice,3
positive,3
boosie,3
nut,3
solider,3
eww,3
thru,3
donkey,3
dick,3
lap,3
balls,3
fond,3
shelter,3
complicated,3
hopped,3
faint,3
morgan,3
downtown,3
afternoon,3
drifted,3
argue,3
india,3
monkeys,3
bow,3
reaching,3
v,3
site,3
stevens,3
marley,3
lesson,3
commit,3
z,3
saint,3
influence,3
ev,3
thieves,3
earn,3
un,3
ry,3
likes,3
forgiven,3
comin,3
ego,3
allowed,3
vote,3
charming,3
usually,3
sadly,3
vacation,3
nations,3
sixteen,3
labour,3
crossed,3
isle,3
dutchman,3
amazed,3
wandered,3
fairest,3
summit,3
lake,3
san,3
invest,3
affected,3
roam,3
reached,3
delight,3
pressed,3
mary,3
charity,3
marie,3
favourite,3
basket,3
sunshiny,3
laws,3
barriers,3
response,3
harbour,3
hong,3
appeal,3
dictionary,3
english,3
large,3
mice,3
shots,3
upper,3
lego,3
tour,3
surface,3
relevant,3
sheltered,3
sunset,3
liver,3
weary,3
sirens,3
hood,3
untied,3
fills,3
swap,3
focus,3
hush,3
blush,3
glue,3
artists,3
suffolk,3
bluffing,3
product,3
genre,3
aiming,3
dose,3
tunes,3
understands,3
upperhand,3
hitting,3
mirrors,3
quarter,3
nurse,3
strawberries,3
diving,3
dew,3
smells,3
jamaica,3
brew,3
york,3
jake,3
gosling,3
lighting,3
firefly,3
september,3
tow,3
frightened,3
tangled,3
beware,3
shed,3
movement,3
pound,3
either,3
cleaner,3
lays,3
remedy,3
rhymes,3
mist,3
battle,3
rescued,3
savour,3
hollow,3
postcards,3
bass,3
funk,3
match,3
blisters,3
centre,3
clare,3
lands,3
laughs,3
ruin,3
jealous,3
shadowed,3
happening,3
craftsmen,3
decay,3
ruskin,3
sending,3
depends,3
seek,3
waking,3
setting,3
script,3
seeds,3
lock,3
sent,3
kisses,3
regrets,3
worship,3
ending,3
yer,3
pearl,3
families,3
postman,3
coat,3
perfume,3
keys,3
mama,3
fist,3
realize,3
idiots,3
fame,3
totally,3
compromise,3
racing,3
quit,3
buying,3
haunted,3
braver,3
july,3
writes,3
sep,3
abc,3
brains,3
static,3
mental,3
announced,3
cloth,3
james,3
proof,3
directed,3
patch,3
void,3
parents,3
mini,3
north,3
weatherman,3
mundane,3
acting,3
backs,3
thrill,3
recognize,3
christian,3
heartbeat,3
satisfied,3
gir,3
bee,3
chasing,3
passion,3
submitted,3
clapton,3
kitchen,3
ate,3
fail,3
bricks,3
confusion,3
fallen,3
island,3
harold,3
maude,3
boring,3
perspective,3
california,3
wolf,3
intention,3
proved,3
flattened,3
orphaned,3
upside,3
trade,3
kings,3
universe,3
fuel,3
cruel,3
hopes,3
wen,3
nvr,3
dis,3
liked,3
understood,3
threw,3
accessories,3
winehouse,3
tread,3
promises,3
released,3
blew,3
simcity,3
olden,3
posted,3
sacrificing,3
helped,3
salvation,3
interesting,3
imagery,3
distraction,3
bears,3
whoever,3
pregnant,3
enjoyed,3
post,3
previous,3
event,3
realized,3
unfair,3
opening,3
hallelu,3
shield,3
stall,3
feeds,3
bread,3
immortal,3
led,3
satellites,3
current,3
canadian,3
partner,3
parking,3
undercover,3
cleared,3
suburban,3
swing,3
wooden,3
floors,3
lotta,3
wishin,3
madeline,3
favor,3
sung,3
medicine,3
julu,3
runs,3
buffalo,3
opera,3
instant,3
elsewhere,3
recording,3
inclined,3
cage,3
machines,3
riddle,3
ar,3
relate,3
curious,3
deny,3
present,3
imagination,3
mornin,3
palm,3
mistress,3
worthless,3
grab,3
holes,3
dicky,3
grounsel,3
upset,3
bigger,3
meeting,3
shirt,3
disturbing,3
main,3
saturday,3
label,3
sia,3
hilltops,3
sideways,3
debt,3
burden,3
lotek,3
unforgiven,3
tek,3
tonga,3
sydney,3
nigeria,3
gaza,3
casablanca,3
soldier,3
sony,3
atv,3
published,3
permission,3
sample,3
moves,3
damned,3
wound,3
foster,3
problematic,3
disposable,3
poet,3
honour,3
unknown,3
handle,3
coated,3
grimy,3
def,3
dealing,3
greed,3
bin,3
madness,3
underground,3
rated,3
communication,3
list,3
notice,3
catching,3
switch,3
spreading,3
address,3
push,3
saved,3
cop,3
leading,3
pounds,3
slide,3
rail,3
saving,3
toilet,3
upstairs,3
relax,3
members,3
ford,3
bona,3
fide,3
honky,3
tonk,3
roadside,3
potential,3
degree,3
austin,3
leann,3
rimes,3
monday,3
pills,3
lighter,3
nd,3
throne,3
caroline,3
powder,3
stale,3
mrs,3
photographs,3
magazine,3
butter,3
mexico,3
stealing,3
beg,3
sting,3
unfinished,3
impressed,3
pre,3
crawling,3
drank,3
stirrer,3
flirt,3
liars,3
despair,3
visions,3
vocation,3
unwritten,3
skull,3
limit,3
worms,3
preferences,3
empties,3
glamour,3
dilemma,3
decide,3
ospreys,3
crumbs,3
gob,3
climate,3
term,3
strike,3
admirable,3
mask,3
shouting,3
tradition,3
demand,3
harvest,3
petty,3
required,3
access,3
finds,3
owns,3
group,3
contradictions,3
cats,3
muscle,3
stays,3
apologies,3
stench,3
perfumes,3
clucking,3
loudest,3
blah,3
farm,3
ordinary,3
depressed,3
booze,3
ins,3
electric,3
weakest,3
wire,3
rent,3
bless,3
ace,3
standard,3
student,3
headed,3
disguised,3
fantastic,3
behold,3
chat,3
heavens,3
poke,3
existence,3
sequence,3
smooth,3
polite,3
fib,3
retire,3
moral,3
complaining,3
fags,3
concern,3
spare,3
spoil,3
lifetime,3
remarkably,3
security,3
colder,3
convince,3
whys,3
acclaim,3
heartfelt,3
rot,3
swept,3
camaraderie,3
disco,3
causes,3
hammer,3
gear,3
gee,3
rocks,3
sins,3
posing,3
trash,3
tara,3
roberta,3
trap,3
georgia,3
changing,3
panic,3
toll,3
backyard,3
wah,3
gotten,3
uniting,3
corporate,3
skyscrapers,3
multiple,3
climb,3
vacancy,3
gal,3
knight,3
sympathise,3
rolled,3
joins,3
chain,3
reclaim,3
parade,3
handled,3
coolio,3
century,3
original,3
woahhh,3
films,3
widely,3
buttons,3
cents,3
mm,3
overdue,3
shone,3
mortal,3
marking,3
bruce,3
service,3
fields,3
east,3
diamonds,3
sidewalk,3
gutters,3
lined,3
faucets,3
rooster,3
struggled,3
creeping,3
skeleton,3
tribute,3
poster,3
borrowed,3
tooth,3
horses,3
tops,3
denial,3
weddings,3
frozen,3
stole,3
disappointed,3
judas,3
flossie,3
cathedral,3
confessional,3
port,3
krauss,3
drinks,2
rust,2
hardcore,2
northern,2
betrayed,2
forevermore,2
tick,2
alight,2
worlds,2
sixty,2
seconds,2
vermouth,2
meaningful,2
sisters,2
veins,2
rape,2
evidence,2
clues,2
paralyzed,2
vase,2
pause,2
flaws,2
insecure,2
tease,2
injury,2
hurricane,2
eclipse,2
ships,2
blizzard,2
reports,2
chased,2
aly,2
aj,2
capo,2
fret,2
bored,2
refrain,2
prince,2
crimes,2
non,2
throughout,2
display,2
handsome,2
balance,2
showing,2
counting,2
tossing,2
hottest,2
feelin,2
lou,2
disease,2
stream,2
scheme,2
eddy,2
duchin,2
cab,2
appeared,2
motel,2
paved,2
bells,2
schools,2
mud,2
official,2
hearted,2
forty,2
fnm,2
victim,2
lure,2
okay,2
frankie,2
ive,2
obvious,2
associated,2
aggressive,2
aforementioned,2
metaphor,2
limited,2
implying,2
moonlight,2
mocks,2
temperament,2
increments,2
bracket,2
ancient,2
chore,2
dresser,2
poem,2
hotel,2
ost,2
hooh,2
waitin,2
oooooooooooh,2
pulls,2
drags,2
fades,2
shirk,2
you;,2
tuppence,2
fog,2
hunt,2
concentrate,2
{,2
},2
joe,2
onions,2
piccalilli,2
cabbage,2
tomatoes,2
prefer,2
appetite,2
joys,2
marked,2
oak,2
undone,2
burgundy,2
haunts,2
ole,2
difference,2
toes,2
lick,2
pill,2
hoe,2
wipe,2
pussy,2
tryna,2
qoinq,2
fixed,2
rode,2
major,2
mick,2
acquaintance,2
results,2
funds,2
signs,2
scatting,2
scatman,2
office,2
wisdom,2
hallway,2
inspiration,2
definitely,2
pleasurable,2
specifically,2
obsessed,2
cocaine,2
illusion,2
whereas,2
sexuality,2
sensuality,2
deceived,2
forsaken,2
ly,2
blackness,2
misty,2
aim,2
destruction,2
fellow,2
wag,2
titled,2
fleet,2
companions,2
robber,2
consolation,2
loss,2
lordy,2
shove,2
sayin,2
steven,2
thorns,2
military,2
riches,2
gypsies,2
insisting,2
drives,2
untold,2
german,2
opportunity,2
youthful,2
expectations,2
relations,2
passage,2
awful,2
heights,2
suffered,2
palestine,2
thee,2
surrounding,2
faithful,2
quay,2
sailed,2
therefore,2
meditation,2
francisco,2
capital,2
consciousness,2
hoped,2
generosity,2
delay,2
assembled,2
shouted,2
favours,2
creature,2
diamond,2
adam,2
gathering,2
rie,2
lakeside,2
crickets,2
clothing,2
####,2
allister,2
macgillivray,2
noted,2
photo,2
bay,2
verses,2
newfoundland,2
symphony,2
heating,2
phrases,2
weekend,2
handshake,2
landscape,2
bottles,2
applaud,2
elephant,2
movements,2
killer,2
tan,2
fourth,2
bath,2
bubbles,2
tale,2
shoulda,2
fingernails,2
fulfils,2
frame,2
ciao,2
disastrous,2
greener,2
pastures,2
suffocate,2
wordsmith,2
blast,2
wikipedia,2
demonstrating,2
meditating,2
enterprise,2
fella,2
filmed,2
gabriella,2
cilmi,2
carpets,2
level,2
loop,2
pedal,2
prepared,2
wax,2
ginger,2
using,2
laces,2
rucksack,2
papers,2
moustache,2
maker,2
reading,2
craving,2
alcohol,2
wadge,2
paperwork,2
blocking,2
krantz,2
blur,2
dragon,2
shunned,2
ipod,2
hype,2
resembling,2
ripped,2
boiled,2
sugars,2
paris,2
vegas,2
sentence,2
elastic,2
buys,2
chips,2
sucker,2
heading,2
naughty,2
wasps,2
bruise,2
pier,2
lighten,2
squeezed,2
swam,2
spur,2
exorcise,2
glare,2
add,2
blonde,2
dug,2
grind,2
resurrection,2
arrived,2
homie,2
tomb,2
infected,2
yidder,2
freely,2
liberate,2
translated,2
sparks,2
behaviour,2
unforgiving,2
dilated,2
melts,2
lullabies,2
flooded,2
detox,2
socks,2
clap,2
talent,2
chikka,2
andy,2
spanish,2
trace,2
atlantic,2
field,2
exhale,2
wayward,2
wept,2
cheeky,2
tension,2
analyse,2
disappearing,2
dearly,2
amends,2
fi,2
backing,2
artistic,2
flipping,2
sparking,2
sown,2
shock,2
shown,2
frowns,2
solve,2
returned,2
idol,2
strengths,2
distant,2
despise,2
haze,2
cream,2
remembered,2
gasoline,2
chapter,2
spanky,2
iceberg,2
robert,2
uk,2
angie,2
lyk,2
wat,2
coz,2
possible,2
recognized,2
nerd,2
physical,2
public,2
um,2
storms,2
savior,2
abbott,2
cannon,2
eva,2
jan,2
posting,2
closely,2
trading,2
emphatic,2
piracy,2
naa,2
adore,2
honor,2
presence,2
eee,2
hazy,2
bliss,2
sandy,2
knowin,2
healthy,2
nevermind,2
divorce,2
frustration,2
moth,2
delivery,2
mdc,2
sore,2
source,2
thinkin,2
interpretation,2
research,2
subject,2
realizes,2
needing,2
express,2
mutual,2
dreamers,2
restless,2
corrected,2
dnt,2
preston,2
moore,2
cars,2
route,2
chess,2
neat,2
bananas,2
olsen,2
twins,2
define,2
exercise,2
ocean,2
callin,2
som,2
didnt,2
senses,2
constance,2
hook,2
liberation,2
betting,2
oprah,2
it;,2
slower,2
sheep,2
darlin,2
skulls,2
defined,2
faze,2
queens,2
prepare,2
tenderness,2
dart,2
kno,2
tat,2
eventhough,2
famous,2
childhood,2
hv,2
madly,2
eles,2
ng,2
ugh,2
angelica,2
tenielle,2
percent,2
relationships,2
cure,2
psychic,2
digging,2
chocolate,2
paperboys,2
removed,2
troubled,2
january,2
keith,2
blondes,2
standin,2
shotgun,2
muddy,2
entry,2
tuesday,2
rohin,2
chatting,2
teary,2
cancer,2
explained,2
discussing,2
personally,2
merely,2
discussion,2
based,2
offend,2
compelling,2
tylenol,2
states,2
description,2
corrupt,2
destroyed,2
uses,2
absence,2
wheat,2
loses,2
darkened,2
stretch,2
including,2
references,2
troubles,2
literally,2
grinding,2
upbringing,2
poured,2
stripped,2
vulnerable,2
environment,2
similar,2
truely,2
responsibility,2
bills,2
lacking,2
confusing,2
brokenness,2
blossom,2
captive,2
grabbed,2
weird,2
pleased,2
stamp,2
midnight,2
hymn,2
me;,2
heavenly,2
cheers,2
lo,2
ages,2
shoulders,2
beginning;,2
introduced,2
dylan,2
remained,2
grip,2
hairs,2
motive,2
hid,2
strangers,2
tag,2
summertime,2
boxes,2
laundry,2
dried,2
autumn,2
painted,2
condition,2
recriminations,2
emily,2
related,2
cahill,2
suburbs,2
shinin,2
spendin,2
mondays,2
givin,2
fadin,2
neon,2
nightime,2
headin,2
untrue,2
fiction,2
treason,2
oven,2
sondheim,2
alan,2
october,2
lorelei,2
godspeed,2
lohengrin,2
continue,2
origami,2
infants,2
clicking,2
feets,2
clatter,2
frock,2
serves,2
lovingly,2
yell,2
stormy,2
alphabets,2
oklahoma,2
microscope,2
forest,2
death;,2
catchy,2
objects,2
intelligent,2
toon,2
mones,2
grones,2
fox,2
international,2
aims,2
networks,2
arts,2
tend,2
works,2
covers,2
lennon,2
campbell,2
hence,2
hes,2
theres,2
plague,2
ee,2
yup,2
geedeeup,2
muted,2
fooled,2
wolves,2
lifeless,2
tug,2
anyhow,2
parliament,2
punch,2
rushed,2
shores,2
awards,2
fold,2
creep,2
peep,2
circus,2
freaks,2
crisis,2
fighters,2
pawns,2
sentences,2
court,2
rhyming,2
crucify,2
pounding,2
crew,2
contract,2
showbiz,2
raising,2
brow,2
despite,2
ledge,2
status,2
departure,2
suitcase,2
escaped,2
slightest,2
measure,2
fam,2
peers,2
nears,2
everlasting,2
murder,2
marks,2
castle,2
wars,2
brighter,2
mastering,2
darker,2
marijuana,2
grasping,2
composer,2
grudge,2
dine,2
sicker,2
gutter,2
riding,2
lasting,2
pierce,2
prison,2
opinions,2
teaching,2
tax,2
mans,2
progression,2
hoods,2
unify,2
anger,2
ignorant,2
lambert,2
denny,2
ordstrand,2
reserved,2
scratches,2
fling,2
feud,2
pursued,2
temple,2
siren,2
feasts,2
admirers,2
unleashed,2
virus,2
calici,2
productive,2
inductive,2
substance,2
destructive,2
southpaw,2
outtalk,2
asio,2
fallout,2
maseo,2
messages;,2
taze,2
western,2
paro,2
arrow,2
millipede,2
fulfilling,2
silly,2
philly,2
abandoned,2
convict,2
havoc,2
combatant,2
badge,2
sewn,2
gibraltar,2
payola,2
alien,2
travolta,2
vocal,2
assault,2
microphone,2
controller,2
revolver,2
sulphur,2
boulder,2
motors,2
solar,2
rope,2
pergola,2
bally,2
cadaver,2
battlefield,2
chariot,2
waits;,2
gala,2
fames,2
gaga,2
mohammed,2
atta,2
calcutta,2
leppard,2
drummer,2
meth,2
cooker,2
butcher,2
critics,2
pedigree,2
effigy,2
thieving,2
harness,2
rappers,2
roar,2
raw,2
boredom,2
claw,2
recordings,2
ali,2
hartford,2
universal,2
license,2
canada,2
spitting,2
pushing,2
tin,2
golly,2
starter,2
scotland,2
watered,2
nonsense,2
hardship,2
pains,2
focused,2
basement,2
inspiring,2
statements,2
wears,2
divide,2
material,2
due,2
trunks,2
posers,2
arched,2
stretched,2
remix,2
confiscated,2
unfortunate,2
decent,2
proper,2
purse,2
reward,2
knee,2
ladies,2
hanged,2
eve,2
burglar,2
hospital,2
knocking,2
compensation,2
scott,2
plug,2
skip,2
bugle,2
harlem,2
theater,2
woods,2
thinner,2
report,2
replay,2
process,2
eleven,2
armed,2
johnny,2
jd,2
touchin,2
wearin,2
reminisce,2
jeep,2
promo,2
whip,2
invitin,2
reputation,2
production,2
lane,2
wing,2
nat,2
cole,2
important,2
command,2
runnin,2
spinnin,2
anxiety,2
remedies,2
babyyy,2
feature,2
errors,2
freaky,2
bobby,2
bare,2
kindness,2
thrills,2
apples,2
believed,2
messages,2
rays,2
mile,2
pools,2
chicago,2
granted,2
fading,2
juice,2
bluff,2
defeated,2
warned,2
revealed,2
recent,2
potions,2
curtain,2
styles,2
faking,2
lotus,2
daydreams,2
length,2
blank,2
adventure,2
thick,2
remain,2
cliche,2
via,2
cretins,2
catholic,2
abortion,2
isms,2
seller,2
column,2
breeding,2
comic,2
folklore,2
listens,2
stir,2
ablaze,2
aglow,2
pathetic,2
ethics,2
weapon,2
tasted,2
racist,2
plot,2
bent,2
rash,2
loser,2
boil,2
offered,2
mourn,2
bristol,2
dachau,2
tens,2
thousands,2
bakeries,2
frown,2
scope,2
hunting,2
trails,2
futures,2
mature,2
careful,2
doo,2
content,2
clich,2
undecided,2
culprit,2
motives,2
peered,2
nah,2
glove,2
roots,2
truths,2
boots,2
abused,2
bakery,2
dough,2
desperately,2
tortured,2
sights,2
millions,2
knives,2
consist,2
vaguely,2
habits,2
toilets,2
imaginary,2
corpse,2
scotch,2
hypnotised,2
lager,2
tangerines,2
gut,2
paranoid,2
ponder,2
amuse,2
percentage,2
publicists,2
fragile,2
slaughter,2
bait,2
reign,2
repetition,2
brats,2
nine,2
diet,2
whispers,2
gardens,2
fares,2
surplus,2
scarcity,2
economics,2
provides,2
dependency,2
system,2
cocked,2
struggling,2
handy,2
contends,2
joker,2
government,2
ridiculous,2
bandwagon,2
cue,2
earthquakes,2
razors,2
protect,2
rumours,2
haste,2
value,2
possibilities,2
advisors,2
loot,2
gags,2
accountant,2
fee,2
lid,2
hoop,2
stumbling,2
imposed,2
quest,2
capable,2
proven,2
lucrative,2
underdog,2
chewing,2
pacesetters,2
fists,2
cigarettes,2
cocks,2
idiot,2
sexy,2
mate,2
lad,2
daily,2
collecting,2
credit,2
egg,2
volume,2
order,2
exotic,2
lodger,2
raped,2
thefts,2
forces,2
outs,2
denied,2
paying,2
heartbreaking,2
medical,2
safer,2
leather,2
barter,2
wealth,2
unhip,2
inequality,2
bastion,2
stranglehold,2
migraine,2
distribution,2
entertainment,2
attitude,2
platesville,2
cows,2
workers,2
graft,2
sweets,2
el,2
compromiso,2
plastered,2
smug,2
grips,2
tales,2
liking,2
risen,2
twas,2
sour,2
gaggle,2
heartaches,2
courage,2
glasses,2
vague,2
fantasies,2
corners,2
relaxation,2
perception,2
crops,2
encourage,2
poets,2
inevitable,2
luxury,2
nostalgia,2
caveman,2
sincerely,2
kettle,2
remembering,2
gravy,2
announce,2
approaches,2
behave,2
circle,2
picks,2
sporting,2
multiracial,2
incredible,2
pimp,2
wage,2
cack,2
minutes,2
choked,2
royal,2
captives,2
concept,2
uniform,2
clash,2
favour,2
disappointments,2
cutting,2
halve,2
stooping,2
memorable,2
wrist,2
realism,2
enviable,2
task,2
bellyache,2
garlic,2
lunatic,2
dresses,2
jobs,2
survive,2
patronize,2
technology,2
speck,2
magician,2
futility,2
remarkable,2
powers,2
democracy,2
pleasing,2
queue,2
monsters,2
prevail,2
muster,2
brian,2
hassle,2
acknowledgement,2
ripe,2
newspapers,2
deals,2
groupings,2
masters,2
reckon,2
crude,2
fighter,2
gag,2
brrr,2
believes,2
desires,2
elevated,2
intellect,2
arrogance,2
corruption,2
distress,2
devised,2
surround,2
students,2
achievement,2
faded,2
exchange,2
ditch,2
worker,2
stations,2
bourgeois,2
camp,2
trousers,2
deck,2
neighbour,2
watchful,2
blinding,2
plea,2
trick,2
judge,2
wanker,2
obscure,2
ringers,2
understandable,2
heroes,2
villians,2
legends,2
albeit,2
mummy,2
fussed,2
splinters,2
beds,2
portrait,2
legend,2
scraped,2
button,2
shepherds,2
spine,2
intentions,2
perfection,2
unbridled,2
elbow,2
lowly,2
overflow,2
hits,2
violent,2
proving,2
bid,2
genuine,2
ii,2
backbone,2
suspicion,2
serve,2
rapes,2
blinds,2
tissue,2
preserve,2
multiply,2
pins,2
pockets,2
baths,2
shaves,2
indifference,2
hesitate,2
swinging,2
smashing,2
hiba,2
samm,2
included,2
conversation,2
invitation,2
freak,2
guarantee,2
bu,2
follows,2
types,2
strenght,2
yentl,2
enter,2
papa,2
gates,2
instrumental,2
costs,2
dunk,2
punk,2
player,2
ed^,2
shinning,2
rainy,2
musical,2
floating,2
creek,2
meek,2
dregs,2
grounds,2
drifting,2
guessing,2
ventured,2
beleive,2
shaft,2
harmonies,2
haa,2
masquerade,2
solved,2
alot,2
picking,2
confirmed,2
industries,2
dime,2
overtime,2
estates,2
ron,2
performer,2
klein,2
nanananana,2
mmm,2
springsteen,2
landau,2
deathly,2
throws,2
crossing,2
sailors,2
trusted,2
sails,2
docked,2
wabasha,2
crowin,2
barbed,2
sinkin,2
eccentrialities,2
creak,2
ghostly,2
assured,2
stunning,2
instantly,2
serene,2
isnt,2
divinity,2
horrible,2
failure,2
trough,2
piggy,2
starves,2
panda,2
buildings,2
bloom,2
europe,2
patient,2
farewell,2
swans,2
dissolves,2
ribs,2
certainty,2
insecurity,2
scissors,2
selectively,2
comets,2
simon,2
sways,2
madrid,2
settled,2
preoccupied,2
din,2
velvet,2
christopher,2
horizons,2
drowns,2
nagged,2
busted,2
rusted,2
gears,2
whilst,2
herein,2
mittens,2
uplift,2
withdrew,2
hitherto,2
waltz,2
tapestry,2
blackened,2
churches,2
boundary,2
doctors,2
weighed,2
helpless,2
cannons,2
temper,2
unclassified,2
snowfall,2
invisible,2
unspoken,2
index,2
reflection,2
jacknifed,2
jar,2
climbed,2
journal,2
desperate,2
engineer,2
obscura,2
kaye,2
dashboard,2
clarks,2
harmonics,2
innocence,2
monuments,1
toxin,1
drawn,1
casts,1
swoon,1
chill,1
sublime,1
sentimentalist,1
tips,1
consumed,1
hippy,1
goofin,1
grains,1
rebound,1
brakes,1
science,1
rum,1
dusk,1
shoveled,1
disgraced,1
sickly,1
cocktail,1
rohypnol,1
sworn,1
firsthand,1
bras,1
furniture,1
waist,1
destitute,1
comical,1
jaws,1
supernova,1
scabs,1
supply,1
pillage,1
plunder,1
describing,1
tidal,1
alert,1
spared,1
messed,1
vanished,1
synergy,1
macabre,1
somber,1
twin,1
harmony,1
wrecked,1
poptarts,1
taj,1
mahal,1
william,1
skateboard,1
mall,1
mangoes,1
limes,1
pga,1
strum,1
prepaid,1
scams,1
steak,1
discovered,1
apollo,1
cub,1
scouts,1
battleship,1
tucked,1
frames,1
albums,1
baseball,1
funerals,1
lame,1
brunch,1
ransom,1
tuition,1
auditioning,1
orders,1
passengers,1
quarters,1
byes,1
delighted,1
curly,1
putman,1
bucky,1
sheppard,1
banks,1
baptised,1
bonnie,1
est,1
gum,1
chairs,1
dwarves,1
&lt;i&gt;,1
i&gt;,1
uncertain,1
delightful,1
combination,1
thrilling,1
terribly,1
cutie,1
aimless,1
outdated,1
crumbled,1
boundaries,1
shackles,1
mantles,1
dim,1
a+hous,1
confusions,1
transfusions,1
tub,1
gray,1
dating,1
unstable,1
s***,1
appreciated,1
dedicated,1
criminal,1
pearlies,1
peadophile,1
refers,1
naivity,1
intereptation,1
listner,1
jazz,1
vibe,1
seductive,1
lolita,1
scenrio,1
obbession,1
judgement,1
pikki,1
teens,1
amount,1
fuko,1
iv,1
;d,1
fascination,1
performers,1
rockstar,1
groupies,1
sleazy,1
devilish,1
manifestation,1
referring,1
primary,1
metaphors,1
contradictory,1
seemingly,1
distrubed,1
oral,1
glimpse,1
presented,1
pedophiles,1
intent;,1
passions,1
succumbing,1
pedophilic,1
immoral,1
scoff,1
impeccable,1
disorder,1
jacket,1
russian,1
proverb,1
norma,1
askin,1
napkin,1
longing,1
mardi,1
gras,1
beads,1
cork,1
yesterdays,1
urge,1
cherish,1
ey,1
eurogliders,1
modified,1
originally,1
clint,1
hinze,1
timing,1
odyssey,1
****,1
blinkin,1
narrow;,1
amuck,1
cooked,1
harry,1
throwin,1
duck,1
philandrin,1
philanderin,1
bloodhound,1
poorest,1
refrao,1
whit,1
filth,1
har,1
guests,1
chum,1
kingdom,1
requests,1
confession,1
mayor,1
banquet,1
foggy,1
grub,1
sparrow,1
chaffinches,1
pig,1
jam,1
waiter,1
forehead,1
es,1
composed,1
connor,1
hunter,1
peter,1
davison,1
publications,1
crank,1
anytime,1
delete,1
hoist,1
tenor,1
saxophone,1
whiskers,1
saloon,1
weiss,1
clayborn,1
avenue,1
puttin,1
wats,1
doinq,1
screwin,1
guuuuurrrrlllllll,1
guuuurrrllll,1
suck,1
gon,1
slidinq,1
dat,1
pole,1
polish,1
booty,1
ova,1
niqqas,1
oohh,1
ridinq,1
churp,1
actinq,1
royality,1
eyeinq,1
qo,1
nuts,1
runninq,1
drawls,1
oohhh,1
nigga,1
shakinq,1
parkinq,1
retarted,1
dhats,1
ralphs,1
mott+the+ho,1
moreoh,1
shared,1
pew,1
preacher,1
resonated,1
regulations,1
stance,1
vengaboys,1
successful,1
considerable,1
producing,1
unique,1
convinced,1
checkin,1
lyle,1
lovett,1
steely,1
shiny,1
brightly,1
hollered,1
kicked,1
springtime,1
texas,1
bluebonnets,1
paints,1
lorrie,1
cafe,1
holdin,1
lorri,1
poundin,1
rememberin,1
laughin,1
tenderly,1
beatles,1
female,1
vernacular,1
mild,1
disturbance,1
procreation,1
horrendous,1
hyena,1
dandy,1
specific,1
inhibitions,1
intuitively,1
mccartney,1
superb,1
beatle,1
bonobo,1
stillness,1
answers,1
aching,1
paradise,1
hungering,1
sovereign,1
chu,1
outro,1
jamesmacdonald,1
trusting,1
preferred,1
marl,1
villain,1
tribulations,1
cook,1
sew,1
nag,1
whe,1
ryone,1
impressive,1
suite,1
claridges,1
carriages,1
duchesses,1
friendliness,1
befitting,1
morrow,1
magistrate,1
gawd,1
dearest,1
villains,1
humiliation,1
bonuses,1
transformation,1
rogue,1
rob,1
mamma,1
foolin,1
huh,1
baited,1
goodbyes,1
sooo,1
scarlet,1
robe,1
crimson,1
unworthy,1
waved,1
saluted,1
h,1
housemartin,1
polished,1
seein,1
nel,1
supercar,1
fernando,1
exception,1
hatetogetontheroadagain,1
fantasize,1
travelling,1
rank,1
oration,1
austrian,1
bulgarian,1
ye,1
sios,1
aice,1
liom,1
disunity,1
unveiled,1
community,1
steerage,1
engaged,1
duke,1
dublin,1
southward,1
transvaal,1
annascaul,1
donnybrook,1
noble,1
scarcely,1
steamed,1
gleamed,1
haired,1
colony,1
manual,1
travelled,1
hottentots,1
kaffirs,1
zanzibar,1
admired,1
himalays,1
hindustan,1
ganges,1
decline,1
cures,1
persuaded,1
combine,1
jaffa,1
journeyed,1
jerusalem,1
hebron,1
ruins,1
jericho,1
highest,1
peaks,1
mcgillicuddy,1
reeks,1
gallilee,1
likewise,1
province,1
samaria,1
contrary,1
doleful,1
forced,1
forlorn,1
providence,1
willed,1
recreation,1
contemplation,1
idee,1
frisco,1
blooming,1
iod,1
recovered,1
earthly,1
transportation,1
relating,1
misfortune,1
queenstown,1
chimpanzee,1
excursion,1
duration,1
approached,1
terminus,1
viewed,1
consternation,1
congregation,1
personage,1
worldly,1
estimation,1
heed,1
expectation,1
scanned,1
individual,1
hundreds,1
elation,1
vibration,1
elevation,1
contentedly,1
endowed,1
multitude,1
admiration,1
noon,1
cozy,1
coom,1
illume,1
praising,1
prettier,1
sweeter,1
unfamiliar,1
arriving,1
stair,1
pinned,1
tabs,1
cobwebs,1
jumbled,1
alley,1
arcade,1
pected,1
separ,1
ation,1
dir,1
ection,1
balmy,1
ducks,1
flew,1
lullabye,1
rushes,1
lakes,1
safely,1
obstacles,1
basically,1
warmest,1
smoothly,1
cabot,1
socan,1
glace,1
breton,1
photographer,1
warren,1
gordon,1
qualify,1
choral,1
amg,1
seto,1
mudcat,1
forum,1
aug,1
diocesan,1
homecoming,1
demonstrates,1
cuddy,1
cabin,1
stern,1
vessel,1
accommodation,1
provisions,1
settling,1
unnoticed,1
rats,1
stomp,1
fl,1
dreamland,1
roaring,1
facing,1
gathered,1
eyed,1
freezing,1
rely,1
fizzle,1
flicker,1
clipper,1
tsunami,1
tides,1
stalker,1
awkward,1
sedative,1
warrior,1
foreigner,1
bottled,1
coroner,1
follower,1
filler,1
ballpoint,1
passport,1
knuckle,1
loveable,1
snowflake,1
flick,1
shrek,1
fairy,1
dvd,1
vcr,1
owned,1
blu,1
ay,1
computer,1
controllers,1
flutter,1
eyelash,1
pendant,1
pebble,1
necklace,1
rests,1
peacefully,1
scan,1
unmade,1
dimple,1
meanings,1
braces,1
stadium,1
damien,1
arabian,1
nighter,1
hyper,1
songwriter,1
vo,1
facelift,1
rapper,1
majors,1
nationwide,1
choir,1
fenchurch,1
tee,1
according,1
myspace,1
rufio,1
elevator,1
whisky,1
shiver,1
prefers,1
lumps,1
searched,1
available,1
figures,1
rides,1
highbury,1
meals,1
flicking,1
mics,1
uni,1
reinventing,1
cutlery,1
hoody,1
bonfire,1
formula,1
rome,1
rio,1
las,1
benson,1
vengeance,1
entrance,1
tendency,1
barley,1
bacardi,1
fillers,1
toothbrush,1
tricks,1
stabbed,1
fulfills,1
sunburn,1
differently,1
suited,1
brighten,1
brighton,1
overrated,1
albert,1
shattered,1
april,1
outdoors,1
burnt,1
misbehave,1
hypnotise,1
shuffle,1
fever,1
gravitate,1
enlighten,1
drunken,1
hammock,1
strongbow,1
weaker,1
sleeper,1
deeper,1
invaded,1
sadists,1
developed,1
hater,1
radar,1
hennesey,1
glocks,1
fools,1
gangster,1
casual,1
clears,1
arise,1
surprising,1
guiding,1
advising,1
abuse,1
chitter,1
chatter,1
yadder,1
dignity,1
seedy,1
needy,1
breast,1
threes,1
demonstrate,1
aggravate,1
sympathy,1
unsure,1
childish,1
dates,1
fakes,1
fecking,1
lonsdale,1
jumper,1
eases,1
sellotape,1
blokes,1
celestial,1
wager,1
disarm,1
quarry,1
lampshades,1
dunne,1
newton,1
faulkner,1
amerikan,1
weaponry,1
jp,1
flops,1
sock,1
stephanie,1
propped,1
nizlopi,1
irvine,1
strand,1
vivid,1
milltown,1
banish,1
justify,1
insomniac,1
lullaby,1
edgy,1
definition,1
partially,1
treating,1
twinkle,1
widen,1
haunt,1
insomnia,1
cope,1
screams,1
consistency,1
durability,1
resurrect,1
psycho,1
declare,1
converse,1
tickity,1
tock,1
rewind,1
ducking,1
pump,1
bins,1
sinks,1
crocodile,1
deception,1
misses,1
scents,1
overgrown,1
stares,1
bonus,1
brainwashed,1
moody,1
blurry,1
venus,1
mars,1
etienne,1
anita,1
celebrate,1
kicks,1
geisha,1
plc,1
newbury,1
sod,1
melting,1
leaning,1
reba,1
mcentire,1
curfews,1
dodge,1
corsage,1
pearls,1
forbid,1
ribbons,1
tassels,1
rover,1
phrase,1
oblivion,1
hourglass,1
miller,1
@yahoo,1
emotion,1
donel,1
mezerized,1
grammys,1
ovder,1
emlikespie,1
tht,1
elliebear,1
nk,1
prtygrl,1
republic,1
katy,1
perry,1
americans,1
devdev,1
wds,1
janie,1
lyricwriter,1
contemplate,1
livmaverick,1
pinklvr,1
flavae,1
thoz,1
freaken,1
totaly,1
patsy,1
sylvain,1
gorgeous,1
rnnl,1
fav,1
funhouse,1
hugs,1
cry;,1
skill,1
sista,1
slanted,1
systems,1
skipped,1
froze,1
fro,1
fix,1
cuervo,1
cum,1
dial,1
ropes,1
weigh,1
magnific,1
veronicas,1
slowing,1
captivated,1
se,1
cheapest,1
alabam,1
fleetwood+m,1
braved,1
knocked,1
abbie,1
wilson,1
adelle,1
theese,1
keyboard,1
teahcer,1
draper,1
ben,1
meg,1
xxxxxxx,1
rebecca,1
osburn,1
jye,1
greciella,1
cody,1
cryll,1
saivour,1
nazi,1
salimi,1
fifi,1
il,1
sml,1
caroll,1
whitley,1
funniest,1
kiana,1
carolyn,1
thea,1
littlepinkwonder,1
dec,1
recuse,1
breezy,1
correction,1
madeleine,1
sammysis,1
inlove,1
defidently,1
favourites,1
littlemiffy,1
cookies,1
@musicismything,1
abrupt,1
imbecile,1
philosophies,1
matador,1
taunting,1
reddest,1
tex,1
joe_t,1
relevance,1
simplest,1
terms,1
violets,1
pm+dawn,1
rea,1
maniac,1
shred,1
poof,1
toeing,1
prophecy,1
sneak,1
yp,1
wnat,1
marionette,1
dock,1
clue,1
basics,1
seas,1
{do,1
no},1
flowed,1
gots,1
disragard,1
posotive,1
equivalent,1
transchanneling,1
{prince,1
far},1
min,1
impossibly,1
manipulative,1
expresses,1
futile,1
apparent,1
prairies,1
various,1
balled,1
motels,1
gordie,1
bind,1
freaking,1
depot,1
&lt;piano,1
solo&gt;,1
interpretations,1
darlene,1
hampton,1
bestselling,1
shades,1
anastasia,1
pleas,1
#this,1
author,1
represents,1
the#,1
#song,1
study,1
scholarship,1
tue,1
pdt,1
carl,1
cressman,1
allan_gary,1
it_would_be_you,1
crd,1
desrcibing,1
hurr,1
cane,1
tital,1
told__,1
blue_____,1
suffocating,1
cores,1
{i,1
times},1
totlaay,1
phycotic,1
pining,1
ove,1
lif,1
wiht,1
wahy,1
pov,1
lin,1
intensely,1
arent,1
cyru,1
vanessa,1
chelsea,1
iam,1
lisa,1
kaitlyn,1
bell@,1
caitlin,1
hatin,1
thng,1
dsnt,1
hav,1
nt,1
ppl,1
whyd,1
kayty,1
kirsty,1
yvonne,1
uhp,1
countryy,1
btw,1
andddd,1
yhu,1
songsssss,1
everrrr,1
songg,1
heck,1
clapt,1
juke,1
joint,1
peek,1
boogie,1
woogie,1
confessing,1
apologizing,1
f#dim,1
f#,1
g+,1
pancakes,1
counts,1
checkers,1
monopoly,1
crunch,1
wiped,1
remotely,1
oates,1
mix,1
lifehouse,1
depeche,1
disguise;,1
grin,1
postcard,1
deserted,1
lips;,1
tits,1
loll,1
back;,1
float,1
kodak,1
noon;,1
promising,1
undo,1
jaime,1
thrilled,1
catalyst,1
humankind,1
satellite,1
merwin,1
warner,1
marcos,1
bartlett,1
poignant,1
rex,1
nursey,1
existentialism,1
simplicity,1
rhonda,1
stewart,1
strongly,1
reccomend,1
joan,1
armatrading,1
declared,1
lynn,1
loret,1
bridges,1
embrace,1
hexes,1
hesitation,1
exceed,1
wishes,1
sling,1
stadiums,1
stitches,1
borderline,1
rags,1
pursuit,1
mystic,1
pending,1
compliments,1
captivates,1
sabotage,1
sic,1
witness,1
center,1
eyesight,1
tainted,1
unmask,1
phil,1
stacey,1
added,1
jaded,1
spears,1
emptiness,1
rude,1
thk,1
&gt;&lt;,1
dz,1
luvlyf,1
jejejeje,1
luvs,1
muahhh,1
yrs,1
couldnt,1
giv,1
lv,1
tym,1
vid,1
diffrnt,1
evry,1
nw,1
frgt,1
yr,1
gf,1
frm,1
ture,1
adored,1
actual,1
beacuse,1
else;,1
clear;,1
destand,1
badly,1
jolis,1
especialy,1
uld,1
realy,1
odbye,1
ut,1
haha,1
lol,1
gurl,1
bc,1
nomatter,1
bcoz,1
communicate,1
havent,1
brits,1
rowdier,1
traded,1
pioneer,1
shower,1
weed,1
du,1
burde,1
ikkje,1
feedback,1
refreng,1
js,1
blaze,1
purplest,1
ashtrays,1
lumber,1
hash,1
moe,1
maroccan,1
marihuana,1
popping,1
stressing,1
ecspecially,1
necesessity,1
rocket,1
sh,1
stacked,1
puff,1
wineho,1
regular,1
peninsula,1
bible,1
fischer,1
toby,1
hurtin,1
drinkin,1
ridin,1
knucklehead,1
responses,1
rss,1
trackback,1
sim,1
tattoo,1
ands,1
id,1
ps,1
presumed,1
venture,1
seattle,1
meditated,1
summary,1
resulting,1
biblically,1
meditative,1
mentioned,1
overtly,1
orientation,1
mis,1
interpret,1
tme,1
occur,1
consideration,1
themes,1
concise,1
proceed,1
caution,1
wood,1
valuable,1
regeneration,1
sacrificial,1
benefits,1
satan,1
contrast,1
hollowness,1
stanza,1
flashy,1
alone;,1
hates,1
crucifixion,1
matthew,1
ultimate,1
literal,1
conflict,1
grandfather,1
unexpectedly,1
decode,1
depressant,1
psychotic,1
googled,1
inform,1
shauns,1
generally,1
occurred,1
glosoli,1
degrading,1
escapes,1
analogy,1
reinforcer,1
painkiller,1
mixing,1
hellish,1
kindly,1
schizophrenic,1
severe,1
malnutrition,1
ability,1
groundsman,1
particularly,1
damaging,1
incident,1
packet,1
effects,1
siblings,1
incidents,1
communicated,1
misinterpretation,1
considering,1
implicit,1
indirect,1
growth,1
maturity,1
suggest,1
avoidance,1
talents,1
faithfulness,1
marriage,1
ceases,1
winning,1
symbolizes,1
pained,1
wholesomeness,1
committed,1
protection,1
happier,1
symbolical,1
easter,1
creator,1
aloof,1
times;,1
testament,1
huge,1
valued,1
reflects,1
precious,1
difficult,1
becomes,1
fig,1
grapes,1
vine,1
olive,1
feild,1
yield,1
cattle,1
strengh,1
don_f,1
anointed,1
pow,1
valleys,1
elvis+presl,1
beard,1
rednecks,1
abounds,1
ants,1
crawled,1
dingy,1
envelope,1
loco,1
rubbed,1
genie,1
lamp,1
fore,1
dealings,1
commitment,1
knockin,1
divinest,1
dwell;,1
whate,1
befall,1
doeth,1
winding,1
athirst,1
gushing,1
fullness,1
clothed,1
realms,1
reeves,1
mem,1
jim_r,1
maple,1
empires,1
flashed,1
lenny,1
stumbled,1
threads,1
footsteps,1
getaway,1
dunes,1
lunch,1
hangin,1
jumping,1
twos,1
posters,1
prints,1
placed,1
frame;,1
rearrangement,1
freshly,1
caving,1
check;,1
banner,1
lorne,1
bathe,1
halos,1
childlike,1
apron,1
bury,1
backyards,1
stubborn,1
serpent,1
teething,1
infant,1
headphones,1
buzzes,1
hummingbirds,1
oceans,1
islands,1
raditude,1
croud,1
everthing,1
hank,1
stepped,1
spiders,1
heresy,1
instability,1
discovery,1
supersede,1
jurisdiction,1
sketching,1
neighborhood,1
malls,1
teaming,1
gravity,1
netbehaviour,1
panix,1
achor,1
hope;,1
snoop,1
lala,1
lalal,1
cradled,1
immobile,1
choirs,1
oozing,1
blahblah,1
shoots,1
elder,1
robot,1
beloved,1
alas,1
q,1
disappearance,1
disciples,1
testify,1
prevent,1
falser,1
armageddon,1
nonce,1
ponce,1
approach,1
remnant,1
covenant,1
singers,1
duet,1
indicates,1
deaf,1
are;,1
birdsongs,1
starlings,1
dialects;,1
species,1
instinctual,1
t;,1
absorbed,1
faster,1
river______,1
forever_____,1
song__,1
remote,1
encounters,1
conference,1
explore,1
enhance,1
variety,1
connect,1
context,1
captures,1
railing,1
presupposed,1
seriously,1
faraway,1
impossibility,1
pasts,1
yearn,1
*that*,1
joseph,1
writings,1
enjoys,1
quoting,1
article,1
possiblilty,1
sea;,1
poses,1
worrying,1
whats,1
theyll,1
runaway,1
medication,1
shouldve,1
breathless,1
approval,1
arranged,1
justa,1
hittin,1
dome,1
cute,1
sly,1
professional,1
wowwwwwwww,1
notoriety,1
sends,1
telegraph,1
elected,1
hooray,1
duffers,1
perks,1
roseberry,1
circs,1
shirks,1
unruly,1
attend,1
whene,1
foes,1
bases,1
playlists,1
globe,1
roads,1
rocked,1
accolades,1
split,1
taller,1
immersed,1
breakdowns,1
forgives,1
peel,1
lids,1
emerge,1
steeple,1
jeeps,1
sneaks,1
surgeon,1
purrs,1
rehearse,1
lurks,1
perps,1
merciless,1
feast,1
dispersing,1
unbeatable;,1
dissing,1
timeless,1
riders,1
survivors,1
rises,1
depart,1
catatonic,1
fixture,1
stagger,1
sport,1
matinee,1
magistrates,1
attacks,1
powerhouse,1
speakers,1
glued,1
renegades,1
lawyer,1
refining,1
linked,1
begun,1
shrouded,1
rounds,1
founded,1
bursts,1
goals,1
evolve,1
resolve,1
imposing,1
righteousness,1
licenses,1
pricelessness,1
booth,1
leaping,1
loops,1
lie;,1
pads,1
rag,1
leningrad,1
owes,1
rates,1
at;,1
lounge,1
revolve,1
melodic,1
significant,1
plush,1
newest,1
shame;,1
survival,1
revolutionaries,1
lions,1
relaxing,1
niche,1
deceased,1
pleasures,1
beheld,1
treasures,1
excess,1
pharmaceutical,1
gong,1
lingering,1
foundation,1
forged,1
resonate,1
arsonist,1
markers,1
cain,1
sharper,1
marksmen,1
harboured,1
forefathers,1
genetic,1
splinter,1
faction,1
stardom,1
hardships,1
inject,1
murdering,1
martyrs,1
harbinger,1
cache,1
ranging,1
metal,1
supporter,1
competitors,1
floored,1
malevolent,1
supposedly,1
wreck,1
stooge,1
iggy,1
grizzlies,1
burbs,1
curve,1
swerve,1
linda,1
blair,1
angles,1
notch,1
pete,1
tariq,1
trot,1
beatbox,1
fiends,1
dimes,1
rik,1
geezy,1
unfreeze,1
represent,1
underrated,1
mera,1
porsche,1
bumping,1
wurx,1
revered,1
bullets,1
discriminate,1
brother;,1
refugees,1
stitched,1
forge,1
hustle,1
puzzle,1
chali,1
debate,1
raping,1
tweaking,1
burnings,1
sermons,1
currents,1
furnace,1
anguish,1
succeeds,1
fails,1
convey,1
acknowledge,1
iconic,1
controlling,1
demonic,1
possession,1
biting,1
created,1
platform,1
attaching,1
pseudo,1
patriotic,1
countermeasure,1
prerogative,1
redneck,1
checking,1
visa,1
valid,1
chickens,1
ceaser,1
salad,1
mallet,1
rankine,1
elements,1
heavily,1
freedoms,1
release,1
offended,1
indeed,1
breed,1
unleashing,1
telepathy,1
diseased,1
revelry,1
centipede,1
track;,1
straying,1
conquer,1
destroy,1
ketamine,1
enlightened,1
terrified,1
laden,1
beddy,1
fattest,1
federline,1
brittney,1
mashed,1
stunned,1
struck,1
buck,1
morons,1
soothing,1
hooks,1
heaters,1
pouring,1
boron,1
core,1
fukushima,1
lording,1
dobermans,1
dmx,1
pegged,1
bmx,1
briggs,1
hons,1
vents,1
khaled,1
muhammad,1
feat,1
boyd,1
bryant,1
productions,1
portion,1
bmi,1
cass,1
enterprises,1
studios,1
enfile,1
nova,1
scotia,1
elefant,1
traks,1
additional,1
keyboards,1
evan,1
whetter,1
jams,1
cramped,1
shoebox,1
switzerland,1
buddies,1
crowns,1
encountered,1
volleys,1
trolleys,1
pollie,1
improving,1
bolly,1
walkmans,1
artefact,1
planted,1
regonna,1
boxed,1
hilltop,1
noggin,1
nodding,1
exhausted,1
painting,1
illest,1
visuals,1
illustrated,1
therapy,1
rehabilitation,1
amateur,1
raps,1
facade,1
manage,1
misfits,1
slackers,1
risks,1
hackers,1
shifts,1
macca,1
listeners,1
prestigious,1
hapless,1
officially,1
visionary,1
infamy,1
furthermore,1
liner,1
signposts,1
eighty,1
hostile,1
takeovers,1
beethoven,1
amazement,1
confined,1
limitations,1
subterranean,1
foundations,1
countdown,1
detonation,1
shredding,1
spitshine,1
frazier,1
spilling,1
playlist,1
sadist,1
pavement;,1
spar,1
heartless,1
brainless,1
harnessed,1
traitors,1
charlatans,1
disheartened,1
pardon,1
failures,1
centipedes,1
fossil,1
fuels,1
hennessey,1
beef,1
abattoirs,1
scavengers,1
like;,1
angel;,1
sip,1
vicious,1
opponents,1
tolkien,1
arrived;,1
winging,1
bling,1
rims,1
soda,1
mid,1
divas,1
amok,1
vidaloca,1
ta,1
propafol,1
woken,1
coping,1
choking,1
crashed,1
wretched,1
coldness,1
cooperate,1
rottin,1
zines,1
detained,1
bleak,1
disbelief,1
concrete,1
agitate,1
tolerate,1
black+crowe,1
advised,1
policy,1
chanced,1
owner,1
shaved,1
collar,1
quake,1
swimming,1
champion,1
swimmer,1
fellah,1
commenced,1
jumped,1
pantry,1
cupboard,1
widow,1
gil,1
heron,1
skag,1
commercials,1
xerox,1
interruptions,1
nixon,1
charge,1
mitchell,1
abrams,1
spiro,1
agnew,1
hog,1
maws,1
sanctuary,1
schaefer,1
award,1
natalie,1
steve,1
mcqueen,1
bullwinkle,1
julia,1
nubs,1
cart,1
ambulance,1
nbc,1
predict,1
districts,1
whitney,1
roy,1
wilkens,1
strolling,1
watts,1
jumpsuit,1
occasion,1
acres,1
beverly,1
hillbillies,1
hooter,1
ville,1
junction,1
highlights,1
hairy,1
liberationists,1
jackie,1
onassis,1
webb,1
glen,1
englebert,1
humperdink,1
tornado,1
dove,1
tiger,1
tank,1
germs,1
grindin,1
skirt,1
playa,1
growin,1
shorties,1
horny,1
livin,1
navel,1
shakin,1
sho,1
lil,1
wayne,1
weezy,1
nympho,1
mami,1
limpo,1
woody,1
thang,1
mutombo,1
crumble,1
rappin,1
r&b,1
ow,1
woo,1
lip,1
dip,1
valerie,1
le_vixen_val@hotmail,1
correcting,1
interstate,1
followed,1
clubhouse,1
parkin,1
excitin,1
limousine,1
bouncin,1
butler,1
trio,1
folded,1
listenin,1
clubs,1
gui,1
tar,1
towing,1
mainframe,1
chicken,1
grammar,1
ph,1
cheerful,1
patti,1
noticed,1
remembers,1
stereophonics,1
gifts,1
stere,1
trembling,1
poppin,1
shrinks,1
tellin,1
sweetest,1
huffy,1
unappeasable,1
sulked,1
wicked,1
woolen,1
thereafter,1
pried,1
survived,1
sycamore,1
ryan,1
leslie,1
yeaahhhhh,1
abandon,1
beeeee,1
elyricsworld,1
thnk,1
oo,1
ur,1
wrongggg,1
virtuous,1
naive,1
pious,1
vulture,1
gesture,1
lyricsoncall,1
sween,1
anthony,1
succumb,1
dialogue,1
vermin,1
inhabit,1
info,1
rightful,1
accurate,1
downloads,1
mp,1
aac,1
wma,1
ringtones,1
links,1
mmmmm,1
hmmm,1
girlfriend,1
betta,1
yeaaah,1
*said,1
watchin,1
liberties,1
encouraged,1
gloriana,1
gettin,1
beggin,1
lyin,1
__________,1
wallflowers,1
porch,1
tires,1
meadows,1
barking,1
blackbird,1
layers,1
peeling,1
rattling,1
comming,1
crushing,1
grays,1
phantom,1
webs,1
exploding,1
rhapsodies,1
stride,1
hellbent,1
dignified,1
fooling,1
eminent,1
majesty,1
completed,1
chica,1
hol,1
rattled,1
teenage,1
battled,1
forward,1
medusa,1
guards,1
circuit,1
cogs,1
oil,1
fired,1
snake,1
hoof,1
dreamings,1
fortunes,1
shivers,1
greasy,1
neighbourhood,1
crumbles,1
sometime,1
chapters,1
tries,1
unlock,1
numbered,1
spider,1
armour,1
sill,1
sunrise,1
scented,1
vials,1
persistence,1
lightfields,1
reappearing,1
athens,1
sparta,1
fins,1
glitters,1
paves,1
doublethink,1
unable,1
brazil,1
_expression,1
flitty,1
depression,1
suspicious,1
society,1
sniff,1
tattoos,1
snapshots,1
forster,1
mclennan,1
bloodless,1
immortality,1
warped,1
ideogram,1
monument,1
mould,1
biopic,1
tony,1
curtis,1
auteur,1
dither,1
dictaphone,1
begs,1
fertility,1
garret,1
sculptor,1
counterfeit,1
holey,1
grail,1
skinned,1
creative,1
juices,1
undisciplined,1
destined,1
misunderstanding,1
underpinned,1
vagueology,1
inability,1
enthusiasm,1
twig,1
overcropping,1
japs,1
advertising,1
courted,1
arseholes,1
celebrity,1
chef,1
dicks,1
etiquette,1
critical,1
blindness,1
digesting,1
priests,1
molesting,1
eurosport,1
covering,1
dominoes,1
falconry,1
kendo,1
mainstream,1
innuendo,1
premieres,1
dani,1
behr,1
fathered,1
graham,1
nortons,1
sewage,1
stamford,1
stinkier,1
flatulence,1
inches,1
louder,1
flambouyance,1
fuelled,1
columbian,1
turd,1
scumbag,1
hating,1
foul,1
whos,1
gruesome,1
shitty,1
spunk,1
deserves,1
reads,1
poetry,1
slags,1
brags,1
invented,1
sixth,1
stiffed,1
quarrels,1
loathed,1
resting,1
laurels,1
morals,1
spawn,1
dictate,1
stead,1
cookin,1
ruckin,1
expand,1
spittle,1
phlegm,1
uncommital,1
marital,1
pome,1
homophobic,1
wed,1
snare,1
wilted,1
tolerance,1
hex,1
potent,1
alliance,1
thorn,1
qualifier,1
whoredom,1
borrow,1
pals,1
user,1
empathetic,1
boozer,1
overpriced,1
belated,1
belfast,1
belsen,1
confiscate,1
auchswitz,1
crematories,1
quality,1
desire,1
conjure,1
ritual,1
swamp,1
echo,1
grasp,1
indecision,1
creates,1
recognition,1
lining,1
cynics,1
barbs,1
spikes,1
beaming,1
waiving,1
headlong,1
matches,1
classic,1
adopted,1
smokers,1
ol,1
wheezer,1
smouldering,1
geezer,1
informing,1
regulated,1
downhill,1
dismiss,1
madras,1
unpretentious,1
expense,1
approximately,1
amusement,1
kilt,1
fancies,1
sulking,1
stopping,1
cheered,1
lunatics,1
descends,1
ieaou,1
throwaway,1
method,1
wheel,1
humor,1
capacity,1
tact,1
wallowing,1
muck,1
boulevards,1
prefabs,1
reminder,1
shave,1
sperms,1
pat,1
unripe,1
dullards,1
strictly,1
secondary,1
goshing,1
wowing,1
endlessly,1
flunkies,1
dated,1
packers,1
bosses,1
creamers,1
diseases,1
generations,1
jackets,1
mentality,1
individuals,1
continued,1
flypaper,1
magnets,1
needles,1
blend,1
wallpaper,1
hypnotized,1
flavor,1
fart,1
maximum,1
flavour,1
kestrel,1
reruns,1
slang,1
shang,1
lang,1
wired,1
pores,1
eerie,1
osprey,1
spilt,1
fascinating,1
answered,1
wonderchart,1
daughters,1
allow,1
viewers,1
harping,1
recession,1
drone,1
slice,1
baked,1
gramophone,1
earnings,1
fund,1
thief,1
badges,1
clapping,1
bests,1
ponds,1
paths,1
coolly,1
peeping,1
defence,1
extreme,1
splendid,1
rapist,1
excused,1
swine,1
scapegoat,1
slogans,1
ease,1
mazes,1
trad,1
routes,1
bourgeoise,1
doll,1
tack,1
unreleased,1
entries,1
refried,1
bean,1
meantime,1
tiring,1
indifference;,1
jeez,1
wail,1
crippled,1
bugger,1
possum,1
noisy,1
frail,1
mail,1
misled,1
unity,1
polls,1
vive,1
le,1
psychopath,1
chanted,1
sipping,1
continental,1
belching,1
false,1
fondle,1
cheaper,1
famines,1
dealers,1
prevention,1
utopia,1
madhouse,1
depresses,1
prices,1
loans,1
economic,1
sufficiency,1
commodity,1
markets,1
policies,1
depended,1
confidence,1
reliance,1
cracker,1
exemption,1
leagues,1
minor,1
offences,1
hypocrisy,1
pays,1
defenses,1
competes,1
arguments,1
inherent,1
sighing,1
regarding,1
unlawful,1
reins,1
pandemonium,1
glossy,1
striving,1
continuing,1
funnybone,1
shapes,1
shuts,1
carpenter,1
carved,1
usage,1
unemployment,1
scowl,1
censorship,1
chosen,1
coolness,1
supporters,1
dependence,1
sheer,1
dickheadedry,1
slump,1
chew,1
blades,1
reinstatement,1
standards,1
reevaluation,1
redistribution,1
grants,1
cockroach,1
perceives,1
dopes,1
legalization,1
provoke,1
daydreaming,1
fireplace,1
uncle,1
mouthfuls,1
gaudy,1
bang,1
stew,1
comfortable,1
gaping,1
amaze,1
outweighed,1
shaving,1
unsightly,1
chequebook,1
journalism,1
grocery,1
bill,1
tactics,1
cans,1
unheard,1
descendents,1
decrease,1
relatives,1
cracked,1
vegetarians,1
elephants,1
throwers,1
clowns,1
active,1
lion,1
chewed,1
politics,1
sidesteppers,1
tightrope,1
tigers,1
eaters,1
legalizing,1
castrated,1
economy,1
clinking,1
coins,1
recommended,1
expectancy,1
nil,1
barman,1
swift,1
afor,1
dole,1
finance,1
nightingales,1
hula,1
twist,1
santa,1
claus,1
events,1
ducklings,1
grope,1
hangovers,1
adult,1
hotter,1
repairing,1
masked,1
flares,1
tandoori,1
restaurant,1
competent,1
counted,1
riots,1
social,1
pleaders,1
bun,1
mustard,1
doggone,1
resolution,1
plant,1
muggers,1
blimey,1
phones,1
cuba,1
fowl,1
farmyard,1
shitting,1
sieve,1
competing,1
arrogant,1
messing,1
motorway,1
mankind,1
teachers,1
mott,1
hoople,1
halfwit,1
lesser,1
tool,1
serving,1
sighted,1
tools,1
doodle,1
quench,1
brainy,1
sloppy,1
perverted,1
vampire,1
ogre,1
debts,1
worthily,1
bearded,1
youngish,1
refused,1
doggie,1
paddle,1
spat,1
bumpkin,1
girlie,1
healthier,1
waters,1
soak,1
righted,1
dumps,1
increased,1
salt,1
spice,1
corn,1
weekends,1
rut,1
mysterious,1
threat,1
retorts,1
blinkers,1
fashions,1
cuisines,1
loaves,1
pints,1
thirsty,1
tokens,1
bah,1
addiction,1
borneo,1
impersonator,1
predictable,1
swingers,1
realization,1
sprees,1
hedonists,1
adonis,1
decadents,1
insurance,1
heist,1
policemen,1
anticipation,1
heel,1
boot,1
worm,1
lukewarm,1
gestures,1
awfully,1
harm,1
nhs,1
abcd,1
priorities,1
professions,1
overseers,1
pope,1
extends,1
ambiguity,1
mercury,1
reactionary,1
yum,1
valuation,1
item,1
logo,1
boldly,1
superiority,1
load,1
itchy,1
pinch,1
intimidate,1
flinch,1
dictates,1
heap,1
cucumbers,1
forgetting,1
encourageable,1
leisure,1
buyer,1
collector,1
prescription,1
shakes,1
selfishness,1
headaches,1
councils,1
modernised,1
towns,1
villages,1
victorian,1
example,1
festering,1
harmless,1
wealthy,1
suburb,1
mistreat,1
tremendous,1
fatter,1
biscuits,1
blocks,1
grouping,1
yuletide,1
ungrateful,1
airgun,1
nicely,1
slummed,1
aspects,1
ditherer,1
mommy,1
wildlife,1
surrounded,1
pony,1
sticky,1
eyebrows,1
episodes,1
benefit,1
supermarket,1
eeal,1
lemon,1
jif,1
alehouse,1
afters,1
fitting,1
likely,1
lifers,1
lifer,1
hilarious,1
embraced,1
mentions,1
bloated,1
hostility,1
depressions,1
colorful,1
random,1
ironic,1
optimistic,1
saturated,1
sexually,1
manufactured,1
tempter,1
obligation,1
grid,1
association,1
diapause,1
contentment,1
rubs,1
versus,1
ambition,1
horrid,1
latest,1
evergreen,1
abstract,1
grease,1
denture,1
banging,1
integrate,1
isolate,1
puffing,1
climax,1
riveter,1
speed,1
range,1
dya,1
items,1
cracking,1
godsend,1
groovy,1
fleshy,1
institution,1
carpet,1
faceless,1
constitutes,1
pot,1
schoolboy,1
groups,1
sexists,1
leering,1
mindless,1
humourously,1
waiters,1
casually,1
insult,1
backdated,1
whiff,1
session,1
proclaims,1
host,1
dopey,1
breakfast,1
signing,1
slim,1
horror,1
cooking,1
featuring,1
ghoulish,1
recipes,1
lunacy,1
unspeakably,1
gory,1
saddle,1
comfortably,1
nippers,1
strangeness,1
appalling,1
footage,1
pits,1
unimaginative,1
pinstripes,1
shorts,1
navy,1
dash,1
opposition,1
embroidery,1
bullshitters,1
brim,1
jeers,1
gloveless,1
bullshitter,1
refunds,1
robes,1
furry,1
ref,1
announces,1
cheque,1
unscarred,1
prostitution,1
lowness,1
parallel,1
vigilante,1
earner,1
modify,1
behavior,1
regional,1
immigration,1
messy,1
paining,1
suits,1
eyesore,1
uns,1
designed,1
solving,1
treats,1
crock,1
retrospect,1
contrived,1
dairy,1
canary,1
rewrite,1
duty,1
competition,1
cigs,1
morale,1
principals,1
employment,1
glee,1
biased,1
bleedin,1
arsehole,1
levels,1
ambitious,1
ticks,1
educate,1
medicinal,1
punching,1
printed,1
motifs,1
exploiting,1
formation,1
lyrical,1
prissy,1
relaxed,1
remold,1
dissecting,1
equal,1
replies,1
crawls,1
proffered,1
lieu,1
harrowing,1
giro,1
giros,1
bastard,1
channels,1
services,1
dire,1
itch,1
drab,1
dominion,1
idle,1
anal,1
phallic,1
satisfaction,1
pity,1
grumble,1
geeks,1
creeps,1
elitist,1
whiner,1
guv,1
hark,1
trivial,1
climbing,1
declining,1
frights,1
televisions,1
responding,1
whining,1
accepted,1
resigned,1
hosting,1
contest,1
heaped,1
plates,1
interpersonal,1
bickering,1
ranch,1
actors,1
scripts,1
theatre,1
nasties,1
pandy,1
golliwog,1
banana,1
bunch,1
projected,1
mouthing,1
politicians,1
footballers,1
finicky,1
articulate,1
designing,1
deciding,1
tone,1
broad,1
installation,1
soap,1
reasoning,1
imperialist,1
unhealthy,1
accents,1
bigoted,1
claptrap,1
miracles,1
occupied,1
rearing,1
et,1
cetera,1
protest,1
entertain,1
disarmament,1
meanwhile,1
reconstruction,1
interaction,1
careless,1
reeling,1
forgettable,1
perverse,1
inclination,1
warmer,1
complicating,1
terrorism,1
terifying,1
prolonged,1
destroying,1
damnit,1
chants,1
argument,1
disinformation,1
grumbles,1
jumble,1
arrangement,1
continues,1
reckons,1
mistreated,1
theft,1
leans,1
limp,1
industrial,1
accident;,1
claimed,1
apparently,1
somewhat,1
defacement,1
robbery,1
embarked,1
payoff,1
wins,1
alligator,1
sandwich,1
snappy,1
affluent,1
timers,1
moats,1
contented,1
blends,1
improvements,1
rearranging,1
selection,1
impressions,1
projection,1
rejection,1
definitions,1
greets,1
outrage,1
spidercrushers,1
basking,1
nappy,1
pretense,1
pressures,1
openers,1
launderettes,1
marvelous,1
futuristic,1
stunts,1
pad,1
martial,1
washing,1
clause,1
stereotype,1
dos,1
donts,1
excuses,1
lag,1
loopy,1
embarrassing,1
scow,1
nation,1
dodgy,1
podgy,1
syndrome,1
stud,1
cunning,1
contents,1
bikeshed,1
scrapbook,1
mounting,1
brainwaves,1
had;,1
stake,1
hospitality,1
pompous,1
addresses,1
parties,1
owls,1
spoiled,1
dropout,1
postulates,1
assuming,1
upholding,1
chatty,1
coinage,1
plural,1
inspirational,1
determine,1
entail,1
require,1
pupils,1
requires,1
groundwork,1
injections,1
supports,1
mysticism,1
balances,1
principle,1
helplessly,1
sole,1
downpressor,1
downstairs,1
masks,1
stammer,1
sickle,1
hind,1
poetical,1
verbal,1
donating,1
earache,1
management,1
op,1
gab,1
eloquent,1
dexterous,1
adjectives,1
verbs,1
heave,1
vent,1
supersoft,1
encased,1
receive,1
hearty,1
ornament,1
willpower,1
reversed,1
bargain,1
guaranteed,1
reception,1
attempts,1
coupled,1
quiz,1
metro,1
seatbelts,1
initial,1
prat,1
object,1
hopelessness,1
sensitive;,1
comedy,1
here;,1
expressions,1
cinema,1
screens,1
dubious,1
keks,1
testy,1
physically,1
catered,1
gratuitous,1
tit,1
reporters,1
goers,1
holders,1
grasses,1
caressed,1
profit,1
temporarily,1
topical,1
provocation,1
comrade,1
kitten,1
quasi,1
celebrities,1
majority,1
creation,1
tasty,1
nailing,1
hum,1
thinned,1
boastin,1
belter,1
swelter,1
excitable,1
overcoat,1
floats,1
crikey,1
confectioner,1
toblerone,1
spy,1
woooooh,1
brace,1
academics,1
feather,1
polemics,1
insulted,1
revolted,1
shares,1
sale,1
companies,1
paused,1
tonic,1
gossip,1
fare,1
lowest,1
pair,1
exploded,1
observers,1
noses,1
reverence,1
trod,1
nod,1
discretion,1
breeds,1
deaths,1
trance,1
threatened,1
subsides,1
moldy,1
foyer,1
thug,1
froth,1
con,1
halo,1
collect,1
jail,1
pert,1
nippled,1
dracula,1
recede,1
plank,1
furnished,1
geniui,1
squiffed,1
plumped,1
genii,1
pissed,1
blanker,1
sewing,1
wished,1
anka,1
bemoans,1
morbid,1
tale;,1
supercedes,1
priceless,1
lucks,1
politeness,1
delayed,1
measured,1
streak,1
unhidden,1
mickey,1
tailless,1
heels,1
caress,1
cancel,1
bedding,1
autograph,1
compete,1
blunder,1
defects,1
prefects,1
rumour,1
stoke,1
hornets,1
swat,1
stinging,1
booby,1
farce,1
pants,1
pretences,1
emphasis,1
shifted,1
jungle,1
bacon,1
nos,1
nots,1
unturned,1
&gt;,1
succeed,1
shyster,1
transpire,1
teamed,1
hatter,1
beamed,1
screamed,1
unfolding,1
yelling,1
liabilities,1
peas,1
dotted,1
midlands,1
pandering,1
failing,1
entrancing,1
altering,1
sway,1
cowardly,1
prizes,1
eggshell,1
schtum,1
bullet,1
scratched,1
override,1
eager,1
martyrdom,1
weeps,1
resist,1
gunning,1
psyche,1
excitement,1
restriction,1
contradiction,1
schemeing,1
reasonably,1
imagining,1
daydreamers,1
wastrel,1
blinkered,1
geeting,1
aisle,1
blacked,1
beholders,1
circled,1
conquers,1
disregard,1
starring,1
wink,1
saves,1
smarting,1
token,1
gratitude,1
thoughtful,1
bigots,1
centuries,1
profess,1
terror,1
showed,1
photos,1
jason,1
mraz,1
affair,1
tole,1
relieved,1
linens,1
everythings,1
refuse,1
rip,1
technicolor,1
fateful,1
hateful,1
cameo,1
deak,1
pumping,1
unite,1
hrs,1
celion,1
dion,1
rednex,1
rubbish,1
aired,1
iconoclastic;,1
clastic,1
participate,1
brush,1
preparing,1
perpetuate,1
existing,1
runway,1
creating,1
elaboration,1
marker,1
exists,1
refine,1
emblem,1
aesthetic,1
kin,1
obscenity,1
crutch,1
restroom,1
politely,1
lifting,1
unanimous,1
determination,1
pointless,1
appreciation,1
bunny,1
seventeen,1
ues,1
chills,1
chevy,1
popcorn,1
roller,1
skate,1
seemsto,1
andi,1
olivia,1
wated,1
tapes,1
througth,1
contrl,1
wroong,1
tome,1
hugging,1
insteadof,1
cussingand,1
fussing,1
respecting,1
know;,1
plead,1
faw,1
cheating,1
deceit,1
seemd,1
involved,1
bouquet,1
jets,1
brash,1
savor,1
lash,1
tyrese,1
makers,1
layin,1
temperature,1
risin,1
cravin,1
thrust,1
satisfy,1
doin,1
~interlude~,1
teardrop,1
sentimental,1
seperate,1
su,1
unny,1
pillbox,1
po,1
ontiac,1
utterflies,1
urning,1
long+t,1
tripped,1
rsenic,1
insi,1
ide,1
expensive,1
avila,1
equals,1
tumble,1
queasy,1
profoundly,1
emotional,1
wounds,1
depend,1
peach,1
downs,1
kni,1
belinda,1
sa,1
surprisingly,1
jacky,1
namibia,1
modelia,1
baartman,1
heals,1
kagiso,1
browneyes,1
unreasonable,1
elmarie,1
blanket,1
carrie+unde,1
thundering,1
yeshiva,1
bechv,1
tested,1
rabbi,1
admits,1
ans,1
forests,1
lessons,1
shawl,1
weaves,1
longed,1
wheres,1
mysteries,1
ongoing,1
rake,1
riverside,1
portal,1
dreary,1
cho,1
rapture,1
renew,1
foursquare,1
goeth,1
aye,1
dio,1
gentleman,1
aw,1
georg,1
pep,1
tammy,1
cochran,1
dreamin,1
dwell,1
mayday,1
adorable,1
glancing,1
cavalier,1
fights,1
mayda,1
breakdown,1
explode,1
cheap+trick,1
chunk,1
hunk,1
scoop,1
commin,1
wit,1
everybod,1
rookies,1
beginner,1
spinach,1
dinner,1
bake,1
perpetrate,1
brat,1
funkdafied,1
grove,1
hardaway,1
kareem,1
abdul,1
peeps,1
rows,1
sicily,1
protocol,1
sumpin,1
preaching,1
sinful,1
month,1
rod,1
reel,1
commandments,1
confess,1
sharp,1
sevens,1
spanking,1
daddg,1
reverse,1
backed,1
cadd,1
mime,1
dancer,1
karaoke,1
macarena,1
signal,1
uniquely,1
ne,1
scale,1
emotions,1
separate,1
wilbert_sch@hotmail,1
psyched,1
immaculate,1
leavin,1
bat,1
guns,1
gadgets,1
gizmos,1
muzzle,1
muffle,1
inheritance,1
buck+deanne,1
rd,1
cabaret,1
dorian,1
gran,1
stashing,1
sweeping,1
leaks,1
waterfall,1
armor,1
bon,1
jovi,1
pawn,1
rule,1
dang,1
bon_j,1
stairway,1
cheatin,1
stealin,1
unlove,1
ventures,1
expecting,1
misguided,1
choices,1
decisions,1
wildest,1
hopeless,1
trusts,1
fingertips,1
seashore,1
nightfall,1
nowadays,1
candles,1
adding,1
playdates,1
spades,1
overseas,1
piling,1
fairybread,1
princess,1
butterfly,1
draws,1
butt,1
shelve,1
naturally,1
deed,1
rainb,1
ahh,1
wooh,1
quickening,1
alerts,1
nearby,1
genesis,1
craze,1
kit,1
williams,1
britain,1
solution,1
midday,1
equinox,1
locate,1
unearthed,1
burial,1
generated,1
solves,1
herrings,1
cheated,1
performing,1
soundedd,1
sunds,1
wembley,1
bold,1
oomph,1
triple,1
platinum,1
topped,1
charts,1
interestingly,1
peaked,1
native,1
shedding,1
miranda,1
molotov,1
simonov,1
holidays,1
done;,1
bonds,1
stocks,1
yachts,1
limousines,1
gems,1
silken,1
salaries,1
sexsmith,1
rossinelli,1
title,1
nananana,1
dv,1
whoop,1
quart,1
aniello,1
executive,1
producer,1
jon,1
manager,1
innovative,1
career,1
veteran,1
shack,1
superdome,1
cavalry,1
blowin,1
tumbling,1
wesson,1
hellfire,1
mow,1
nails,1
engine,1
banker,1
drought,1
rifles,1
bombs,1
sounded,1
shells,1
stormed,1
dictators,1
crowned,1
marauders,1
raided,1
plains,1
sonny,1
returning,1
barons,1
greedy,1
unpunished,1
outta,1
swamps,1
jersey,1
champions,1
meadowlands,1
mosquitoes,1
airplanes,1
spilled,1
arena,1
giants,1
drift,1
burnin,1
victories,1
glories,1
judgment,1
shepherd,1
roamed,1
toss,1
guidance,1
rollin,1
companion,1
sinners,1
losers,1
winners,1
whores,1
gamblers,1
thwarted,1
rewarded,1
yonder,1
calvary,1
crackle,1
maryland,1
railroad,1
southern,1
pablo,1
betray,1
dreamy,1
scratchin,1
starlit,1
cloak,1
cave,1
dreamt,1
pyre,1
sup,1
skills,1
satin,1
rushing,1
ellis,1
spires,1
valley,1
mcnicholas,1
posalski,1
smiths,1
zerillis,1
blacks,1
italians,1
germans,1
jews,1
bellies,1
railroads,1
dyin,1
kansas,1
thaw,1
unkind,1
hound,1
earned,1
mario,1
winans,1
&lt;p,1
diddy&gt;,1
whereabouts,1
cruising,1
abusing,1
choosin,1
undivided,1
applying,1
extra,1
suv,1
freeze,1
indies,1
goul,1
stairs,1
amusing,1
visualised,1
grotesque,1
materialise,1
coughin,1
yawnin,1
trickery,1
reveal,1
reveals,1
scaring,1
villifying,1
lonley,1
marlon,1
attrocious,1
spelling,1
internet,1
tabloids,1
soyoung,1
versatility,1
outrageous,1
originality,1
irony,1
unfairly,1
regarded,1
caused,1
integrity,1
undermined,1
dissapear,1
rosie,1
decipher,1
trashing,1
riveting,1
anoymous,1
judgements,1
interview,1
noooooo,1
disrespectable,1
tabloid,1
junkie,1
infer,1
esp,1
encapsulates,1
predjudiced,1
absolute,1
greatness,1
keisha,1
i;m,1
ashamed,1
frist,1
vilified,1
crucified,1
midna,1
absoloutly,1
suprise,1
amzing,1
humans,1
awareness,1
musician,1
distrust,1
genious,1
lightens,1
peoples,1
appearance,1
clips,1
consert,1
entertainer,1
withot,1
celebrat,1
bday,1
nad,1
concerts,1
tooo,1
celbrate,1
siple,1
knowe,1
moudy,1
apollogize,1
fantasystories,1
germany,1
heared,1
tito,1
paparazzi,1
identifying,1
ion,1
dissonance,1
freed,1
hover,1
wintry,1
mated,1
childishly,1
greyish,1
magenta,1
solaris,1
dimly,1
blurring,1
describe,1
weariness,1
experienced,1
relentless,1
slips,1
marble,1
overwhelmed,1
neutrality,1
weightlessness,1
emptied,1
swirl,1
silently,1
aerial,1
beings,1
demise,1
exquisite,1
inaudible,1
profound,1
slumber,1
blindly,1
drugged,1
livid,1
gradually,1
toward,1
crystallizing,1
luring,1
frankly,1
vacuum,1
dictator,1
oppressed,1
sperm,1
regurgitated,1
shooter,1
frat,1
zoo,1
newborn,1
construction,1
leftist,1
minivan,1
tags,1
alter,1
ukulele,1
mathias,1
kom,1
occasionally,1
multi,1
happily,1
essence,1
incorporated,1
bets,1
efforts,1
poorly,1
poker,1
aces,1
dripping,1
checkout,1
tattooed,1
assistance,1
surly,1
masticate,1
slings,1
arrows,1
dumpster,1
bipolar,1
condoms,1
prowess,1
sickness,1
armies,1
losses,1
rally,1
fanfare,1
troy,1
devastated,1
accident,1
taken;,1
mocking,1
dragged,1
depth,1
clung,1
statue,1
byzantine,1
battens,1
backroom,1
renown,1
alre,1
ady,1
railway,1
rainstorm,1
withered,1
loveline,1
avoiding,1
pigtails,1
confederate,1
sur,1
deader,1
translation,1
terrier,1
relation,1
hack,1
caucasian,1
adjacent,1
corrects,1
direct,1
text,1
nudging,1
deserve,1
melancholy,1
relieves,1
bough,1
headstones,1
erased,1
strikes,1
thursday,1
powercuts,1
jetsons,1
robots,1
naval,1
amsterdam,1
steam,1
calor,1
gas,1
illuminates,1
frosted,1
airfix,1
kits,1
disney,1
chomsky,1
jellyfish,1
light;,1
tinsel,1
wondered,1
helplessness,1
entwined,1
appear,1
certainly,1
prompts,1
epitaph,1
mgs,1
comprehend,1
shaped,1
furrowed,1
soil,1
helps,1
japanese,1
capture,1
twitch,1
rosy,1
ruling,1
classes,1
backdoors,1
settles,1
feathers,1
nightmare,1
willow,1
lowlands,1
shipwreck,1
cliff,1
upsetting,1
chances,1
badlands,1
sacking,1
life;,1
bleeding,1
pipes,1
crook,1
knives;,1
frankenstein,1
junk,1
guard,1
thanking,1
cord;,1
loveless,1
sideshow,1
fatal,1
seal,1
rattle,1
weaved,1
hopelessly,1
nightdress,1
biography,1
recognise,1
amber,1
evoke,1
mainly,1
model,1
richer,1
rejecting,1
charm,1
extinguished,1
location,1
fronts,1
scraps,1
glazed,1
kilometres,1
roughage,1
terracotta,1
roofs,1
replaced,1
rainclouds,1
valencia,1
tuned,1
firs,1
windscreen,1
disperse,1
deafening,1
cowbells,1
alarms,1
interviewed,1
sleepy,1
warmth,1
incensed,1
glamourise,1
defences,1
roadkill,1
gutted,1
beacons,1
antennas,1
shepherded,1
partition,1
accidents,1
hazed,1
unfocused,1
super,1
circular,1
ballrooms,1
revolving,1
mirrorballs,1
harbours,1
brandy,1
swilled,1
hostels,1
fucks,1
intervalled,1
taps,1
suspect,1
stairwell,1
watches,1
miserable,1
captains,1
spokes,1
farenheit,1
planes,1
filter,1
constellations,1
opencast,1
rewinds,1
cuff,1
shark,1
queues,1
ludicrous,1
trickles,1
fete,1
raffle,1
ridicule,1
mopeds,1
buzzing,1
angry,1
exit,1
diversions,1
absent,1
accent,1
library,1
sliding,1
jen,1
depress,1
denies,1
scares,1
distract,1
glistening,1
poems,1
captain,1
alienation,1
compassion,1
razed,1
dowsed,1
pacific,1
maritime,1
plaza,1
fairground,1
revolves,1
collapsed,1
wireless,1
moths,1
chalk,1
highgate,1
sportsbag,1
brautigan,1
walkman,1
paranormal,1
dusting,1
feeder,1
spectacle,1
breaker,1
mailroom,1
clerical,1
obituaries,1
ganged,1
dateline,1
disappears,1
churchbells,1
learnt,1
novel,1
twenties,1
aa,1
characters,1
parked,1
biscuit,1
slunk,1
symptomatic,1
jars,1
snowed,1
phoned,1
eludes,1
riverbed,1
hangs,1
silhouettes,1
ribbon,1
sliced,1
feathered,1
tattered,1
carnival,1
skates,1
cauldron,1
danger,1
margin,1
erode,1
subscribe,1
elms,1
burger,1
reprise,1
abode,1
smock,1
chronicle,1
typewriter,1
smack,1
nail,1
turntable,1
occurs,1
grasshopper,1
pose,1
evermore,1
bleeds,1
moonlit,1
bleakest,1
rulebook,1
unclimbed,1
gasp,1
rafters,1
almighty,1
thus,1
illuminate,1
scent,1
pinprick,1
opens,1
flirtatiously,1
village,1
formulative,1
angrily,1
slamming,1
traced,1
trains,1
miraculous,1
autobiography,1
importance,1
museum,1
allergies,1
deluding,1
reinforce,1
scientist,1
detached,1
analysis,1
poetic,1
intensity,1
incisive,1
candid,1
ignite,1
cheeked,1
served,1
canteen,1
canal,1
bolshy,1
slurred,1
dictums,1
penniless,1
paralysed,1
corridors,1
visitor,1
overcome,1
attached,1
betrayal,1
strongest,1
spines,1
cupboards,1
bare;,1
woven,1
shimmer,1
bishops,1
wiping,1
secretly,1
cursing,1
glistened,1
embarrassed,1
fleece,1
blade,1
trigger,1
jammed,1
desk,1
slot,1
painless,1
tempt,1
shade,1
buckle,1
reflected,1
snows,1
details,1
pharmacy,1
factory,1
luxembourg,1
widowed,1
retired,1
atheists,1
fabulous,1
beasts,1
fires,1
placidly,1
crosses,1
rung,1
mont,1
michel,1
undeniable,1
jupiter,1
ronald,1
lippok,1
mohawk,1
viele`s,1
canoe,1
formalities,1
dressing,1
bathing,1
electrified,1
heartbreak,1
shadies,1
lizas,1
lotties,1
lous,1
revues,1
ness,1
maudies,1
bessies,1
dainty,1
snap,1
johnnies,1
stalls,1
flapper,1
courting,1
sapper,1
sighed,1
battalion,1
calmly,1
replied,1
parky,1
khaki,1
training,1
chauffeur,1
berries,1
recline,1
thankless,1
jasmine,1
bennet,1
assistant,1
organist,1
dr,1
dykes,1
rehearsals,1
practice,1
rapt,1
afterwards,1
bees,1
wedded,1
cowpers,1
pleasant,1
nicest,1
enamored,1
sweetly,1
opportunities,1
skipping,1
lifeline,1
rarely,1
mandolins,1
*use,1
realizing,1
letring,1
kra,1
